ID,cuentaContable_ID,importeGerencia,importeCFO,comentarios,createdAt,createdBy,modifiedAt,modifiedBy
d5ef7a43-3612-4051-afb2-2259efdff543,fd2830a8-d5c6-457a-81af-40bebf5c868d, 500000000 ,,,2025-11-08T14:08:27,init-script,2025-11-08T14:08:27,init-script
c6300c76-88df-4961-af78-fbe77579123e,356c202d-6900-45f1-8d06-2ff0127e24fc, 500000000 ,,,2025-11-08T14:08:27,init-script,2025-11-08T14:08:27,init-script
3868bfd8-465d-4710-82eb-e55f05920d1f,91403cbe-e646-44aa-a5eb-4578ba0027f5, 500000000 ,,,2025-11-08T14:08:27,init-script,2025-11-08T14:08:27,init-script
a866d752-010e-4b75-ac58-798e7ab699a1,292757e9-c0ec-40b5-9edb-344aecb5bf27, 500000000 ,,,2025-11-08T14:08:27,init-script,2025-11-08T14:08:27,init-script
ef374257-f316-4bf2-a469-9faebdd1c86c,e4f15183-0892-4465-9b02-6382929aa0ef, 500000000 ,,,2025-11-08T14:08:27,init-script,2025-11-08T14:08:27,init-script
90bf16ff-c8a8-4d29-98f6-d208d739702b,f3bc995f-7a5d-4df2-8ff5-c06177ba1782, 500000000 ,,,2025-11-08T14:08:27,init-script,2025-11-08T14:08:27,init-script
0681f6a2-22b1-49b5-86c0-b06618bc8273,45de3126-b82f-40ae-83ff-d90ebc411861, 500000000 ,,,2025-11-08T14:08:27,init-script,2025-11-08T14:08:27,init-script
ce1b38ea-d558-4ff4-8ad8-715885214787,7fd5233e-79c7-49de-b54c-11e2596d9a7e, 500000000 ,,,2025-11-08T14:08:27,init-script,2025-11-08T14:08:27,init-script
f1b47b70-d27b-4df1-aa5c-d8b6ee012f45,79568e33-6db5-433f-afd5-b7cf9dafbe4a, 500000000 ,,,2025-11-08T14:08:27,init-script,2025-11-08T14:08:27,init-script
405cb372-a5cd-4610-9d4b-6b68d2758bd1,74c27e27-b480-4b5c-b3d7-43a4ea9c51eb, 500000000 ,,,2025-11-08T14:08:27,init-script,2025-11-08T14:08:27,init-script
63caf362-14fa-4517-ba7e-dcc99404e9d6,a7f39589-2094-4d79-a343-3ff43c176776, 500000000 ,,,2025-11-08T14:08:27,init-script,2025-11-08T14:08:27,init-script
daf461d8-35f3-401b-aa22-36d9f5c4ab5c,117b9675-fb5a-4dba-bfa1-52c2d3176c09, 500000000 ,,,2025-11-08T14:08:27,init-script,2025-11-08T14:08:27,init-script
0950fc83-63fe-4c83-8fca-ac491ac4699c,24974cb4-0f2d-4ef5-a0be-99b34cbeaf4b, 500000000 ,,,2025-11-08T14:08:27,init-script,2025-11-08T14:08:27,init-script
20a890bf-57d9-4598-8471-8f8e0471b562,8b764e2f-e1d8-4d6a-bb98-c3ec293f1c51, 500000000 ,,,2025-11-08T14:08:27,init-script,2025-11-08T14:08:27,init-script
8fd1f0c6-dbf7-47ae-a87b-2f97ad3cc43a,6d598e4e-5ce6-4222-b952-0bf5788f6290, 500000000 ,,,2025-11-08T14:08:27,init-script,2025-11-08T14:08:27,init-script
7147352e-f293-453b-ad0a-3981d34fd576,a2a78660-48f1-421e-8ea4-723cf0d9e0cb, 500000000 ,,,2025-11-08T14:08:27,init-script,2025-11-08T14:08:27,init-script
01ba3d14-dbde-4557-8aa7-3855a41dd33a,8852d3ce-ddd8-4c82-a94d-efe82af43f67, 500000000 ,,,2025-11-08T14:08:27,init-script,2025-11-08T14:08:27,init-script
72b5da36-4247-4126-b270-77567c679e11,a40da94e-057c-4496-948f-f0d03247c49c, 500000000 ,,,2025-11-08T14:08:27,init-script,2025-11-08T14:08:27,init-script
98313216-3a0c-46a6-b299-c50c36442292,0dc7372e-be7a-469d-9e3d-4a9e9973622a, 500000000 ,,,2025-11-08T14:08:27,init-script,2025-11-08T14:08:27,init-script
01eabfc6-cf31-46ca-bfc9-295324da2235,1872cb1c-34a1-4465-9ae3-3aefcbe0a12c, 500000000 ,,,2025-11-08T14:08:27,init-script,2025-11-08T14:08:27,init-script
f53fd1c8-5750-4f14-8a83-22ae91d118b1,44d01c4b-1156-4012-8a99-12777b0a0158, 500000000 ,,,2025-11-08T14:08:27,init-script,2025-11-08T14:08:27,init-script
a2e3435f-8ecf-4a50-bb53-f024c2baf116,293d52c1-7a6f-4e51-b9b0-81f75709db19, 500000000 ,,,2025-11-08T14:08:27,init-script,2025-11-08T14:08:27,init-script
35439367-dc40-4495-8c4e-81a75e1307cd,8ed41911-d18e-4ced-a229-691039994624, 500000000 ,,,2025-11-08T14:08:27,init-script,2025-11-08T14:08:27,init-script
7c3141d4-c900-4d3a-8aa6-982bff4c5a5b,0e717c1a-ec95-4b39-ad2a-4658c8eb5fa6, 500000000 ,,,2025-11-08T14:08:27,init-script,2025-11-08T14:08:27,init-script
946160c0-8cb5-4a06-934e-19d769ff10ac,e0865a17-6000-46f7-b854-c88799e8e669, 500000000 ,,,2025-11-08T14:08:27,init-script,2025-11-08T14:08:27,init-script
a434ea5a-a94b-4144-b94b-74450d7d5e1c,8b9e0165-edb2-468a-91fe-0750fb921a34, 500000000 ,,,2025-11-08T14:08:27,init-script,2025-11-08T14:08:27,init-script
72fd4065-05a2-4ff0-9b1a-64475b8b2a75,61d51287-dc3c-4370-bb72-8e9225b599bb, 500000000 ,,,2025-11-08T14:08:27,init-script,2025-11-08T14:08:27,init-script
d6eb01b4-cfd8-46c2-8353-69f2b9a790df,6c16afb8-e206-4fea-96db-62e14489bca6, 500000000 ,,,2025-11-08T14:08:27,init-script,2025-11-08T14:08:27,init-script
b452fa3f-c3b5-4df5-a62a-1a0a4a336e05,f9264f0c-d26d-4efe-bbea-f083709b7717, 500000000 ,,,2025-11-08T14:08:27,init-script,2025-11-08T14:08:27,init-script
5973fdfb-7b32-4b0e-9196-d23eeb9e45c2,1f1076de-df48-47fd-b2b7-1d8a08dfacb9, 500000000 ,,,2025-11-08T14:08:27,init-script,2025-11-08T14:08:27,init-script
8fb83fb8-f6ea-442b-a1f2-4f74db10c9f5,efab782e-3dc4-4a79-a5b4-241692502a35, 500000000 ,,,2025-11-08T14:08:27,init-script,2025-11-08T14:08:27,init-script
dba9556f-fd7e-4599-849f-c5f102efdbe9,3f075d0c-f018-4ac7-bd1c-302054bb6475, 500000000 ,,,2025-11-08T14:08:27,init-script,2025-11-08T14:08:27,init-script
31ea5346-d9a0-4e32-9124-4a56c4a2f6ce,a803fd9a-8e7f-4f84-93b7-503d7d3581a3, 500000000 ,,,2025-11-08T14:08:27,init-script,2025-11-08T14:08:27,init-script
f3ba494c-8289-4f45-8c9a-db295abd18ca,e1fca2ba-393c-4f41-ad3c-4c50053fae55, 500000000 ,,,2025-11-08T14:08:27,init-script,2025-11-08T14:08:27,init-script
157d4903-1762-4d9d-af5c-5ee46447f72b,75f868d7-6f41-4691-bf93-69df6087e5c0, 500000000 ,,,2025-11-08T14:08:27,init-script,2025-11-08T14:08:27,init-script
6c2fd535-b13e-45ab-bd46-c9f55fddae5f,97056665-9588-4256-b409-a6e578c5f883, 500000000 ,,,2025-11-08T14:08:27,init-script,2025-11-08T14:08:27,init-script
aed99e3e-e2d6-4b97-94de-108608dcf260,a03051cf-d899-453d-9c97-b153ffbf612d, 500000000 ,,,2025-11-08T14:08:27,init-script,2025-11-08T14:08:27,init-script
726b062c-242b-4d6b-bf39-59d218297014,2a78d0bc-5b15-4d12-8d23-4bcd52870edf, 500000000 ,,,2025-11-08T14:08:27,init-script,2025-11-08T14:08:27,init-script
71fe7a02-6030-4dc0-b5d5-35c9f4088733,6a244ac5-335d-4572-afa9-f5d7e0cf330b, 500000000 ,,,2025-11-08T14:08:27,init-script,2025-11-08T14:08:27,init-script
8d42881f-eeeb-440e-aed5-e8c3da79be72,42e156f8-91ef-4450-819e-ca25ddcfcee0, 500000000 ,,,2025-11-08T14:08:27,init-script,2025-11-08T14:08:27,init-script
6ab59e4e-8c9d-476f-96cc-aa8fbdb96be8,724cd6d1-f12d-4ce7-a025-3841992bde90, 500000000 ,,,2025-11-08T14:08:27,init-script,2025-11-08T14:08:27,init-script
7eb5e6b1-883f-455b-8a7c-29bbfce5d56f,35889a87-7098-460e-a9c9-bf7832395882, 500000000 ,,,2025-11-08T14:08:27,init-script,2025-11-08T14:08:27,init-script
5e331af2-0926-4925-9fe4-4d9972a025e3,9de09eaf-b131-4589-bdfa-069347395ed5, 500000000 ,,,2025-11-08T14:08:27,init-script,2025-11-08T14:08:27,init-script
0e00c47a-1913-487d-a0b3-4af9708bd435,3011539f-a019-4e45-91c9-faf8189fdf55, 500000000 ,,,2025-11-08T14:08:27,init-script,2025-11-08T14:08:27,init-script
87c00c2c-7753-482d-8b2b-55217105f519,130a0561-f45d-449c-b0a9-e74e36a232eb, 500000000 ,,,2025-11-08T14:08:27,init-script,2025-11-08T14:08:27,init-script
92a7e806-a20c-417d-ac40-5e7fbc5427bc,03033e15-0384-45cb-af9f-0785081c5945, 500000000 ,,,2025-11-08T14:08:27,init-script,2025-11-08T14:08:27,init-script
6c1c1423-d257-4848-9ab2-775e3ecc727d,d281d711-3a12-4bf2-8916-9c306b510c01, 500000000 ,,,2025-11-08T14:08:27,init-script,2025-11-08T14:08:27,init-script
b8d54ce4-71ac-4322-b42c-73836d7c2505,d7009990-50fe-4905-998f-3e3b44c31e9b, 500000000 ,,,2025-11-08T14:08:27,init-script,2025-11-08T14:08:27,init-script
1905ab0a-a39c-4cc7-ac96-079073e5e0f3,8908d881-4a4c-41b7-bccb-d463720e6aac, 500000000 ,,,2025-11-08T14:08:27,init-script,2025-11-08T14:08:27,init-script
402c2451-4626-490d-834c-f2a9a92956a0,e125242a-febc-4d88-a163-f98616aea87c, 500000000 ,,,2025-11-08T14:08:27,init-script,2025-11-08T14:08:27,init-script
9f115292-d5fe-490f-9915-c6eb21c869f9,54e3778d-1d74-4249-ba1f-bd840e157a06, 500000000 ,,,2025-11-08T14:08:27,init-script,2025-11-08T14:08:27,init-script
fbf7f493-8b6f-40e2-a1c5-f7766781540d,08310cd1-d35f-408a-bea4-a7c16a64acb6, 500000000 ,,,2025-11-08T14:08:27,init-script,2025-11-08T14:08:27,init-script
14cb1d76-a7da-4201-8bc5-66f57c76356b,89ff3e4a-29c7-4d67-a72e-4967303d2d51, 500000000 ,,,2025-11-08T14:08:27,init-script,2025-11-08T14:08:27,init-script
70dbb861-5763-4db2-9786-4ba15743360a,4eb3c0c3-625e-44a8-9b28-48b30a64da37, 500000000 ,,,2025-11-08T14:08:27,init-script,2025-11-08T14:08:27,init-script
fe932819-24c6-4994-9cdb-11f08eb50155,2c675165-b691-4cf6-a51b-a3e7d9b8cc74, 500000000 ,,,2025-11-08T14:08:27,init-script,2025-11-08T14:08:27,init-script
41b6e369-6fa4-4ae6-b470-5edc32514d6a,a5a52b77-5bd6-4d6c-b870-22fe32dd8d2c, 500000000 ,,,2025-11-08T14:08:27,init-script,2025-11-08T14:08:27,init-script
fc55d6c0-4609-4015-af8b-ec29b8c23fa7,cf9c01ec-6c3a-47a7-b60d-9ef5f9dd61b2, 500000000 ,,,2025-11-08T14:08:27,init-script,2025-11-08T14:08:27,init-script
6cd8e9a4-6f5f-4625-843f-8450a87e0c4f,41d2f11d-e7f6-435b-ae62-6ab325f95620, 500000000 ,,,2025-11-08T14:08:27,init-script,2025-11-08T14:08:27,init-script
f550e2c5-5e4d-40dc-909a-a59558ce4eb6,69deb671-7d70-436f-bbc1-49ef1e77d819, 500000000 ,,,2025-11-08T14:08:27,init-script,2025-11-08T14:08:27,init-script
67839bc2-573f-4476-9c5f-31150fa6785f,a9fab431-de97-40a8-99d7-e5e7e1ff1236, 500000000 ,,,2025-11-08T14:08:27,init-script,2025-11-08T14:08:27,init-script
fa749aeb-b449-4863-b76e-3df7bc9c5716,650b962d-3384-4c7b-8269-3704391fdb92, 500000000 ,,,2025-11-08T14:08:27,init-script,2025-11-08T14:08:27,init-script
6a7b26de-e4e2-4ba5-886f-19ba52b96e30,c6ac8046-9e06-4552-92de-78b941fa785f, 500000000 ,,,2025-11-08T14:08:27,init-script,2025-11-08T14:08:27,init-script
60273245-23d6-4217-a744-de904b8b3972,18a4d96b-c65c-4e3f-8d11-a31a9b4aead4, 500000000 ,,,2025-11-08T14:08:27,init-script,2025-11-08T14:08:27,init-script
264cc0b2-bf51-40a4-9043-e638d38d3450,f2e26ba1-25a3-43bf-97d0-fab3d5320c8d, 500000000 ,,,2025-11-08T14:08:27,init-script,2025-11-08T14:08:27,init-script
02f793c0-b897-45e9-9d39-2796ee3518b1,0a7da34f-2798-46e3-a155-9192f6948697, 500000000 ,,,2025-11-08T14:08:27,init-script,2025-11-08T14:08:27,init-script
816065cf-422a-4026-b356-3dcd541562ff,e2f251b2-6610-4379-8d76-154d9292fcef, 500000000 ,,,2025-11-08T14:08:27,init-script,2025-11-08T14:08:27,init-script
0a4598ad-dd91-4217-ab62-5341461730ba,e66fefb7-fa94-43af-b2a1-38280774ef24, 500000000 ,,,2025-11-08T14:08:27,init-script,2025-11-08T14:08:27,init-script
dccad1be-55be-4e3c-8df8-37119493284f,f117241a-6b50-474f-bc6c-45755f0d3f0b, 500000000 ,,,2025-11-08T14:08:27,init-script,2025-11-08T14:08:27,init-script
cc6b442f-2f9c-49d8-98fe-4fbc032485ef,4580944e-ee94-4e79-a7b4-5d004a884740, 500000000 ,,,2025-11-08T14:08:27,init-script,2025-11-08T14:08:27,init-script
1677ac28-2eda-49ef-9569-92b453b59037,c8b730c5-b8a0-417f-8f9f-252897c90eae, 500000000 ,,,2025-11-08T14:08:27,init-script,2025-11-08T14:08:27,init-script
d5934c69-2f2a-408a-96ca-c7b34dc2c72c,f75b7428-2d4a-40b0-be77-052b605548d2, 500000000 ,,,2025-11-08T14:08:27,init-script,2025-11-08T14:08:27,init-script
88615fdb-3b33-4478-aef9-eb9bb128b5bc,fd564744-1d1a-4fdb-a867-c0f69d19a196, 500000000 ,,,2025-11-08T14:08:27,init-script,2025-11-08T14:08:27,init-script
2f275593-3e20-4650-8d03-a3b346e96057,740d79fd-33c3-4da8-81e5-71419dad734e, 500000000 ,,,2025-11-08T14:08:27,init-script,2025-11-08T14:08:27,init-script
f9fa7fb6-7419-4803-be4e-a748eafe2681,b827948b-1bc5-42ce-a6e4-4fe810791621, 500000000 ,,,2025-11-08T14:08:27,init-script,2025-11-08T14:08:27,init-script
01d83889-2544-43a8-8b1a-178438d57e1b,dde8a15d-0153-4a7f-a323-502255f16cf4, 500000000 ,,,2025-11-08T14:08:27,init-script,2025-11-08T14:08:27,init-script
2ac6d42b-3559-4bcb-92bc-0ef9939fadd8,de41e5a3-86e2-4020-b7d7-108910f94e81, 500000000 ,,,2025-11-08T14:08:27,init-script,2025-11-08T14:08:27,init-script
40651937-d9cf-403a-bdc6-4b40c30b5b2b,da63f4d9-0025-4aea-b8fc-e93e208a52bf, 500000000 ,,,2025-11-08T14:08:27,init-script,2025-11-08T14:08:27,init-script
acc79bd9-6788-44ac-bdd1-9cdbe85ea461,ca96a479-5ed6-4258-ac31-ca0c485c6b41, 500000000 ,,,2025-11-08T14:08:27,init-script,2025-11-08T14:08:27,init-script
425d686f-ea61-424d-96e3-6b0ece20a43c,748bd360-ea4c-4e1e-96c2-7b9b291affca, 500000000 ,,,2025-11-08T14:08:27,init-script,2025-11-08T14:08:27,init-script
5460635f-0b3a-4020-b89d-951e1ee92732,45934979-abdc-4fb9-a271-e2f5f1cab1e0, 500000000 ,,,2025-11-08T14:08:27,init-script,2025-11-08T14:08:27,init-script
a2eb0dca-5dfd-4ce5-aa27-365dac4ff77d,abfa7ae5-72c3-45eb-8470-a89d1fde4867, 500000000 ,,,2025-11-08T14:08:27,init-script,2025-11-08T14:08:27,init-script
63203443-24a4-479f-968c-a0b38ea1703c,c0440112-59bd-4366-b200-ad95a79052a1, 500000000 ,,,2025-11-08T14:08:27,init-script,2025-11-08T14:08:27,init-script
01f8dd80-15fc-4b02-bde4-ddf451e73269,f6c0213d-1a68-4735-82a4-5097ebe355e5, 500000000 ,,,2025-11-08T14:08:27,init-script,2025-11-08T14:08:27,init-script
15a6b131-c3ec-40d7-8133-c7c81f3f8677,62e66177-6a79-47b3-b22c-788538bf2693, 500000000 ,,,2025-11-08T14:08:27,init-script,2025-11-08T14:08:27,init-script
3544cd78-7055-4015-baba-afcb84696987,6c4ead91-0446-4c5a-8a64-8c9aa2257f5b, 500000000 ,,,2025-11-08T14:08:27,init-script,2025-11-08T14:08:27,init-script
c11eec1d-5519-4d1b-bf77-894cd7154640,5afab4a6-c440-4c0d-b98f-097f10d037c8, 500000000 ,,,2025-11-08T14:08:27,init-script,2025-11-08T14:08:27,init-script
28585438-f9e7-4a61-a69f-916a0bbe7471,5f903981-4fef-40c8-9026-e1959e9f40f1, 500000000 ,,,2025-11-08T14:08:27,init-script,2025-11-08T14:08:27,init-script
f4ab9d8c-0875-4243-aa0f-65b74a846859,677caba4-d5d6-46b6-b99c-427031556284, 500000000 ,,,2025-11-08T14:08:27,init-script,2025-11-08T14:08:27,init-script
edc7e5d6-074a-4f42-9b80-82eb1e0849c8,73fda39a-7079-48a8-a25b-7e281bfb8117, 500000000 ,,,2025-11-08T14:08:27,init-script,2025-11-08T14:08:27,init-script
839fcc95-307e-436d-8220-c6519e17a4de,17ac5a70-02e0-4a07-8bb5-a1ae7fb3846a, 500000000 ,,,2025-11-08T14:08:27,init-script,2025-11-08T14:08:27,init-script
0520abec-72ec-4281-b15d-5a4437cee20a,efb4ab4e-4c07-4650-9996-3927149fd238, 500000000 ,,,2025-11-08T14:08:27,init-script,2025-11-08T14:08:27,init-script
b2a98931-c520-406c-8fc4-d06f9b3fc4ba,b7991d30-1822-4a1e-8c5c-b3c45cc10ef6, 500000000 ,,,2025-11-08T14:08:27,init-script,2025-11-08T14:08:27,init-script
fac6a690-4fda-4634-9208-ee66a78257a7,05e0e8ce-9828-4ab7-9933-c3f536230174, 500000000 ,,,2025-11-08T14:08:27,init-script,2025-11-08T14:08:27,init-script
e8eb51e1-22b5-41b2-8d57-0f60de5e3f8d,ef54ab2a-fe8f-40e9-ad22-f63d165507a3, 500000000 ,,,2025-11-08T14:08:27,init-script,2025-11-08T14:08:27,init-script
175bbdc5-fc1d-4303-aa2e-0670c1c54e88,6a5c2c23-e847-489a-b7e3-cc8e4fffff36, 500000000 ,,,2025-11-08T14:08:27,init-script,2025-11-08T14:08:27,init-script
e12bbd34-d81e-4505-84ea-35bc6c4b29de,9758153e-556a-4096-8468-dce7ee9cc4c8, 500000000 ,,,2025-11-08T14:08:27,init-script,2025-11-08T14:08:27,init-script
051f5130-5001-4b25-a9a9-7c2a8c93c502,5f05d7ec-9714-4557-9be0-0339ab319ca2, 500000000 ,,,2025-11-08T14:08:27,init-script,2025-11-08T14:08:27,init-script
cf9f9380-652f-4f9b-93b8-c4b73dc59e53,7177133e-aef2-4f00-806b-e190078e6d7a, 500000000 ,,,2025-11-08T14:08:27,init-script,2025-11-08T14:08:27,init-script
68956ee0-e7bc-4415-af2e-4d346d6cc35c,fd4fe221-a14b-475d-a0e5-b40b7de1abf0, 500000000 ,,,2025-11-08T14:08:27,init-script,2025-11-08T14:08:27,init-script
a0dd41fb-5b06-4b45-9004-6bd80a8de654,d7764b75-5f76-4fcb-a60f-8702dd4f8b8f, 500000000 ,,,2025-11-08T14:08:27,init-script,2025-11-08T14:08:27,init-script
ec0c7f8c-07ce-4b61-82b6-c84754f68349,f4975201-b28b-4398-bd21-bf6af94b4ac7, 500000000 ,,,2025-11-08T14:08:27,init-script,2025-11-08T14:08:27,init-script
0a208ebb-b1f8-471e-a768-65302efdaaaa,69406a92-b21e-4c36-a96c-fdd1bd84c33f, 500000000 ,,,2025-11-08T14:08:27,init-script,2025-11-08T14:08:27,init-script
5faef6ba-3546-475a-bc25-dafc341f5fe7,52a246c0-7860-41b9-83c4-6dcabf6a1a70, 500000000 ,,,2025-11-08T14:08:27,init-script,2025-11-08T14:08:27,init-script
274c1923-b5c7-40bb-9e92-9e63694f195a,39ae2e85-fcec-4027-89f7-e9643b5394b8, 500000000 ,,,2025-11-08T14:08:27,init-script,2025-11-08T14:08:27,init-script
5f805ad3-c641-4951-894a-901aaee12360,8f80dd5f-a476-461f-8d0e-24ea2f915113, 500000000 ,,,2025-11-08T14:08:27,init-script,2025-11-08T14:08:27,init-script
170a0555-f5de-48f2-b678-91e74c1de89e,cadb8b67-d911-46c9-b421-4e7d35d4a813, 500000000 ,,,2025-11-08T14:08:27,init-script,2025-11-08T14:08:27,init-script
9358d805-d660-442c-906b-533c541c4f3a,c1fbe849-64a3-4ce9-ac25-2a2d083b2753, 500000000 ,,,2025-11-08T14:08:27,init-script,2025-11-08T14:08:27,init-script
87e6f1de-6187-4823-a797-956aed6b7ea9,8ce963fe-e93b-4d0d-b731-5fa94e75890e, 500000000 ,,,2025-11-08T14:08:27,init-script,2025-11-08T14:08:27,init-script
154e79f5-d025-4559-9356-8dc6c8d57af2,8932c81b-9f2c-4f17-a864-06872d72681e, 500000000 ,,,2025-11-08T14:08:27,init-script,2025-11-08T14:08:27,init-script
bb4b4031-f9cb-43c7-a055-cb9e7037a333,1ed7fe1b-4ea7-4ffe-8d28-52dc4d6208a8, 500000000 ,,,2025-11-08T14:08:27,init-script,2025-11-08T14:08:27,init-script
2d15dfeb-1881-4e1e-8e4a-67372f265484,cd51b0d7-ddbd-4ef3-823f-68c79899334e, 500000000 ,,,2025-11-08T14:08:27,init-script,2025-11-08T14:08:27,init-script
9649742d-b304-4746-9368-c9e34e6c54e7,97740449-ad82-45d4-995d-713c0ec9c060, 500000000 ,,,2025-11-08T14:08:27,init-script,2025-11-08T14:08:27,init-script
3f9a0939-173c-48b6-8ef1-5dd7677809c7,9c7d18a8-a2e1-4c6f-8a1d-969a2366d63d, 500000000 ,,,2025-11-08T14:08:27,init-script,2025-11-08T14:08:27,init-script
a5a7f21f-b347-4b7a-9b54-bf3354f5b384,be2afcf7-153e-48ab-b639-8bbdae98a81b, 500000000 ,,,2025-11-08T14:08:27,init-script,2025-11-08T14:08:27,init-script
c948f856-35d1-4e4e-b9a2-0b6f042a150d,d0c4f5d3-66e2-4b1e-b956-0e74cb0c977f, 500000000 ,,,2025-11-08T14:08:27,init-script,2025-11-08T14:08:27,init-script
32a05717-1f76-4c3a-b4cc-8fd20a0e1e60,899a74f8-7611-4365-84e2-6032efdf9927, 500000000 ,,,2025-11-08T14:08:27,init-script,2025-11-08T14:08:27,init-script
b6713099-f13a-41e6-aa7f-a24411bbcf5a,f94f065f-b1e0-40e0-97dc-9f020fcb9f25, 500000000 ,,,2025-11-08T14:08:27,init-script,2025-11-08T14:08:27,init-script
8fa4f27e-d27b-483a-9c1c-06ef88986087,e2d1e4a8-de19-4434-9087-0d479a1c38d9, 500000000 ,,,2025-11-08T14:08:27,init-script,2025-11-08T14:08:27,init-script
5200bdf7-4000-4048-aed1-309c94d76487,6e8d5d81-b363-4859-8d8e-3dcba696e45b, 500000000 ,,,2025-11-08T14:08:27,init-script,2025-11-08T14:08:27,init-script
d9d5e499-18d9-4219-8643-3cb84fd83568,d4e92d09-f007-4627-8b75-18ebaddd5bfe, 500000000 ,,,2025-11-08T14:08:27,init-script,2025-11-08T14:08:27,init-script
71f5be2f-bb17-46f9-8579-5ee0d6b39036,43f38765-8393-41be-b0f4-05c00c4a02da, 500000000 ,,,2025-11-08T14:08:27,init-script,2025-11-08T14:08:27,init-script
effe8c6d-4d79-417d-996b-2a98c76b366a,49cee9ca-2f9a-4646-a5ea-a1e2255e2127, 500000000 ,,,2025-11-08T14:08:27,init-script,2025-11-08T14:08:27,init-script
a0989569-df28-402b-85a5-b5e0b116c4ce,1b7e4717-21ce-4442-a3f4-50f0ccdae52f, 500000000 ,,,2025-11-08T14:08:27,init-script,2025-11-08T14:08:27,init-script
1fac8bce-c9bb-45cb-b37e-0498e3e5b01a,a6045f5d-31d6-4b1c-8735-80a686fc2f7a, 500000000 ,,,2025-11-08T14:08:27,init-script,2025-11-08T14:08:27,init-script
1c91b88e-2a8a-4ffa-937f-d0e791b89e6d,bfde33c8-9429-47dd-96b2-3355c149a47c, 500000000 ,,,2025-11-08T14:08:27,init-script,2025-11-08T14:08:27,init-script
b8e11fcb-97f5-4d6d-aa2d-0d76f70a752f,0151a11b-8aac-4ef9-80b0-8e24d2e7c20e, 500000000 ,,,2025-11-08T14:08:27,init-script,2025-11-08T14:08:27,init-script
189b5d85-14e8-4b6e-ba86-794c96cd53f4,cc8d6655-141f-4a0d-b795-eba4e4969c06, 500000000 ,,,2025-11-08T14:08:27,init-script,2025-11-08T14:08:27,init-script
655f5017-c632-4bee-a83f-422de0d46c66,b0827263-df63-43ce-b808-2aec4b927723, 500000000 ,,,2025-11-08T14:08:27,init-script,2025-11-08T14:08:27,init-script
778e3fa5-07a0-44c5-84a8-f5fda3dcaa67,db3beb66-ebcc-43a9-b717-76d5d4054ba0, 500000000 ,,,2025-11-08T14:08:27,init-script,2025-11-08T14:08:27,init-script
019e9345-bb7f-4498-9b27-954f2b67804e,3b782632-7258-4429-90e2-f611d8150c43, 500000000 ,,,2025-11-08T14:08:27,init-script,2025-11-08T14:08:27,init-script
d924bb4a-f8f8-4c5e-a7c6-9bc3a8109d69,7b4959c9-4040-4dd6-be65-4e70a64dd8c5, 500000000 ,,,2025-11-08T14:08:27,init-script,2025-11-08T14:08:27,init-script
a6e817fd-0af9-48eb-89dd-80f02bbb1be9,48480048-d434-41c3-ac97-5dfbfeb27c2a, 500000000 ,,,2025-11-08T14:08:27,init-script,2025-11-08T14:08:27,init-script
7331e44a-e6b0-4982-900a-7f22e4c6aff5,de2215ad-8476-4823-bae2-f622560af953, 500000000 ,,,2025-11-08T14:08:27,init-script,2025-11-08T14:08:27,init-script
01e340bd-726b-4dea-8d25-2b7502eab9c3,e7ed959f-484f-4cbe-bf59-bb6d4bf3e9ab, 500000000 ,,,2025-11-08T14:08:27,init-script,2025-11-08T14:08:27,init-script
7b429300-43f1-49c5-99a0-c2d310f3ea1a,928d6380-6571-40a9-82b0-a3ed12ed6885, 500000000 ,,,2025-11-08T14:08:27,init-script,2025-11-08T14:08:27,init-script
55c09205-1b53-41ca-bd78-44cdf5f8ef88,9c329e77-2d68-4b43-9e83-db3e2f8b1d56, 500000000 ,,,2025-11-08T14:08:27,init-script,2025-11-08T14:08:27,init-script
89cae719-91ec-43d6-b535-ae53f389d40a,05133649-2a6e-4e60-8abd-bfda89fd8f49, 500000000 ,,,2025-11-08T14:08:27,init-script,2025-11-08T14:08:27,init-script
68b652e5-28a5-4361-9fe2-fe327c81cdda,38d8c0d6-a7b6-4c65-92a4-9cf1e2924f9f, 500000000 ,,,2025-11-08T14:08:27,init-script,2025-11-08T14:08:27,init-script
bd848f17-df8c-444d-9cfd-f4801cf7a686,2f25249d-1df4-43e7-9544-56b2e8d0262d, 500000000 ,,,2025-11-08T14:08:27,init-script,2025-11-08T14:08:27,init-script
5432f55b-0ebf-4ec8-b726-484e2048b03c,07beb0ea-d3b4-4dfd-afe0-338913fc140d, 500000000 ,,,2025-11-08T14:08:27,init-script,2025-11-08T14:08:27,init-script
9b27aef6-aa7f-4491-84b0-8abd9aacb022,46a96f74-c505-4063-a202-f50aadb3324b, 500000000 ,,,2025-11-08T14:08:27,init-script,2025-11-08T14:08:27,init-script
3f96c176-a49f-45e3-86e2-8deacc68556e,ab5c64b0-d6a5-46c7-b020-cea8fa0bd1dd, 500000000 ,,,2025-11-08T14:08:27,init-script,2025-11-08T14:08:27,init-script
a1bdcb9f-61d4-4ce5-93ef-d7d356bfe665,747fcd54-b7a1-4399-b866-6a83e3c905a8, 500000000 ,,,2025-11-08T14:08:27,init-script,2025-11-08T14:08:27,init-script
231176c9-b1d6-4159-a810-421a8848a203,ba36c57f-3bc6-4c6b-956c-c8b7444e792f, 500000000 ,,,2025-11-08T14:08:27,init-script,2025-11-08T14:08:27,init-script
cc3a4b6a-20c6-4c4d-9a31-69c9d3d0eb5d,f5b1c5c7-d212-415d-b447-0a3ac3eabd24, 500000000 ,,,2025-11-08T14:08:27,init-script,2025-11-08T14:08:27,init-script
2e9bdd2b-799e-4c65-9c58-76c5a6fea170,8d3c3acc-891b-440e-a8b8-32a78d8ef7ef, 500000000 ,,,2025-11-08T14:08:27,init-script,2025-11-08T14:08:27,init-script
2e8cbcb2-7b08-44c8-8185-6f2a62942148,24190339-5518-487b-a78e-8ca7e44567d6, 500000000 ,,,2025-11-08T14:08:27,init-script,2025-11-08T14:08:27,init-script
6bb6d7cf-394c-48d4-aa0b-275257d9f1fa,cdd807b0-aa45-4381-a491-3a49649b2492, 500000000 ,,,2025-11-08T14:08:27,init-script,2025-11-08T14:08:27,init-script
3c3210ec-4d42-4ea1-802a-c26d8957fe49,9d334f0f-9540-4f7a-ac7f-b9f30a34cfd9, 500000000 ,,,2025-11-08T14:08:27,init-script,2025-11-08T14:08:27,init-script
fd2e8a95-dd2d-4b74-9e20-d70b6425c177,e789eedf-498e-44a1-a8d3-c33955812d97, 500000000 ,,,2025-11-08T14:08:27,init-script,2025-11-08T14:08:27,init-script
8d93a8c6-ec1b-46c4-aa83-2bac2967f313,0004363a-9e71-4507-8380-e3427fd794e2, 500000000 ,,,2025-11-08T14:08:27,init-script,2025-11-08T14:08:27,init-script
d80d37ae-7c7f-4249-bfbb-52ee608914f7,4b425da1-2b43-4fe3-ab58-9605a573116b, 500000000 ,,,2025-11-08T14:08:27,init-script,2025-11-08T14:08:27,init-script
39a0bdcb-8b05-418c-a080-9d20cce5bde7,8e8e09f3-4dc4-424b-a8c2-6dceda8dd1ab, 500000000 ,,,2025-11-08T14:08:27,init-script,2025-11-08T14:08:27,init-script
bd378f48-c59e-4f2d-b1d8-b74c1a04a5f1,28cfca3d-a31b-4740-bee2-0a30cfcbdcda, 500000000 ,,,2025-11-08T14:08:27,init-script,2025-11-08T14:08:27,init-script
94bae205-7300-465a-9940-11af15a5dd11,75ab54b6-c06d-4907-9466-6655452fb9a7, 500000000 ,,,2025-11-08T14:08:27,init-script,2025-11-08T14:08:27,init-script
dfdc93d9-e068-4117-9698-cafadd2de835,b67bd0c3-5f82-49d0-ab8b-05003d60bc2b, 500000000 ,,,2025-11-08T14:08:27,init-script,2025-11-08T14:08:27,init-script
04031dab-6c82-4770-88fb-3951588b699a,b529e52d-3923-497e-9d27-97e90b0b6400, 500000000 ,,,2025-11-08T14:08:27,init-script,2025-11-08T14:08:27,init-script
f0fbca87-ab19-419f-8fb1-248f145357d8,5663297f-9e28-44a0-8003-a81bf34f72bb, 500000000 ,,,2025-11-08T14:08:27,init-script,2025-11-08T14:08:27,init-script
eb56591a-251a-4c06-9972-4b104c490013,f65cc41b-674a-485e-a1a1-333ef2f9e3e8, 500000000 ,,,2025-11-08T14:08:27,init-script,2025-11-08T14:08:27,init-script
40d9d50c-733b-42c1-8177-c68dbb2d1124,0307c464-8e98-46a9-bc9d-a3225ebae3ec, 500000000 ,,,2025-11-08T14:08:27,init-script,2025-11-08T14:08:27,init-script
fb3db18c-ee2e-43bf-b88a-6f220abe6a0e,e49ba48e-a2b0-4b64-acb2-16824970185e, 500000000 ,,,2025-11-08T14:08:27,init-script,2025-11-08T14:08:27,init-script
26497290-9939-42b0-99f6-0d00a657aa1c,a5ad91ed-b349-42ea-b25a-3a458af507e1, 500000000 ,,,2025-11-08T14:08:27,init-script,2025-11-08T14:08:27,init-script
eb9568b3-5bdd-46ea-862d-27e52dda473b,ddcc28f9-1c6e-4e0c-ad62-380462262d20, 500000000 ,,,2025-11-08T14:08:27,init-script,2025-11-08T14:08:27,init-script
cc3e5c2b-2a2a-47d9-afb0-88f9a5b80b73,47712bb9-2436-48ff-88a4-bdcd7069de6c, 500000000 ,,,2025-11-08T14:08:27,init-script,2025-11-08T14:08:27,init-script
f28fd2fd-2fbd-4418-9965-c056e9e76cbd,6fb3d1ee-3216-488b-bda9-6b00d2463cab, 500000000 ,,,2025-11-08T14:08:27,init-script,2025-11-08T14:08:27,init-script
f6f36826-4e86-4524-b5fb-8f2c57655aff,451de6ec-9caf-49f4-8507-011e2fd457f2, 500000000 ,,,2025-11-08T14:08:27,init-script,2025-11-08T14:08:27,init-script
ab848def-6682-42d2-a085-b7bdba0ffeb1,4104ac0a-f2fd-4205-8f26-3f03cbfa25da, 500000000 ,,,2025-11-08T14:08:27,init-script,2025-11-08T14:08:27,init-script
a0c94f38-28c9-4770-a12d-66abd0f7867a,444360ee-50e8-457c-a18f-6dc2f93d14be, 500000000 ,,,2025-11-08T14:08:27,init-script,2025-11-08T14:08:27,init-script
62693058-0001-4ea1-af70-a75792224707,94ff7fba-2dfe-4dc4-9ceb-7a17de723e46, 500000000 ,,,2025-11-08T14:08:27,init-script,2025-11-08T14:08:27,init-script
92223834-a2dd-4ccc-a842-4800d7e5e873,0711dc3e-b8ab-4602-9acf-8264f9873dc1, 500000000 ,,,2025-11-08T14:08:27,init-script,2025-11-08T14:08:27,init-script
a9d79662-ecd0-4a45-98ec-7fd03abf8108,cc926e94-60cc-4621-926f-4d4a889970db, 500000000 ,,,2025-11-08T14:08:27,init-script,2025-11-08T14:08:27,init-script
0c820925-c1cb-42f5-84bd-64ef4ed596ba,b92901c9-3344-43c1-95c3-92b263e4ab62, 500000000 ,,,2025-11-08T14:08:27,init-script,2025-11-08T14:08:27,init-script
985932c1-71c6-41d7-add4-01a0e9c64d41,62dae3a5-5423-404f-80b4-7d5df0d7442e, 500000000 ,,,2025-11-08T14:08:27,init-script,2025-11-08T14:08:27,init-script
8d1af388-3b45-4357-8112-747751aea37b,f9ee2f7a-7474-42d8-a5cf-3379597e2b2b, 500000000 ,,,2025-11-08T14:08:27,init-script,2025-11-08T14:08:27,init-script
299180c1-3f54-438d-9817-86d5ba954350,4de41f14-3ca1-40ea-93e0-277add833d41, 500000000 ,,,2025-11-08T14:08:27,init-script,2025-11-08T14:08:27,init-script
e022b49d-789f-4f17-b000-eee5d8fe197c,b8595b5b-1470-4f15-808c-7e48cbe88488, 500000000 ,,,2025-11-08T14:08:27,init-script,2025-11-08T14:08:27,init-script
9ca4bb1f-d04f-4bda-aa24-cfae6024e60e,9f744375-4981-4e45-8883-d8403af7c937, 500000000 ,,,2025-11-08T14:08:27,init-script,2025-11-08T14:08:27,init-script
31420030-f2ca-4935-ae8f-c78dd5129102,53c57cab-62f8-4cd3-a9da-b0b75495c017, 500000000 ,,,2025-11-08T14:08:27,init-script,2025-11-08T14:08:27,init-script
4d6fcb07-63e9-4f50-aab0-abb59043b657,3645b96a-a418-4c43-a923-a789a0d2c0b1, 500000000 ,,,2025-11-08T14:08:27,init-script,2025-11-08T14:08:27,init-script
3191ce66-8248-4930-9e37-5c09a5607181,48e3ac45-10b6-4dd9-8258-8e0816da9a9a, 500000000 ,,,2025-11-08T14:08:27,init-script,2025-11-08T14:08:27,init-script
3ff61b94-56df-448a-9328-8b2420e16c68,e4291a4a-7dbe-42f3-b616-b8299e364f1d, 500000000 ,,,2025-11-08T14:08:27,init-script,2025-11-08T14:08:27,init-script
c3c7c40d-e07a-4815-8569-c428699d2c9c,1dece262-80b6-4ffa-b9c1-031e36b01f11, 500000000 ,,,2025-11-08T14:08:27,init-script,2025-11-08T14:08:27,init-script
07d8331b-4836-45c1-b0a8-d70404f2ee0c,abc5ca2d-cf9f-4a23-a545-b62258a39357, 500000000 ,,,2025-11-08T14:08:27,init-script,2025-11-08T14:08:27,init-script
885718f1-80d8-4c0f-adc1-3174d40b23f1,39485f32-acba-4962-b717-2fd9559a95bc, 500000000 ,,,2025-11-08T14:08:27,init-script,2025-11-08T14:08:27,init-script
09bf2a10-ebdf-4c5f-a981-f3b710164c95,0dd055a9-8476-4632-837d-a5d864667abd, 500000000 ,,,2025-11-08T14:08:27,init-script,2025-11-08T14:08:27,init-script
1e4fcf55-0534-4d38-a98b-e970eb28db7f,1083e7ff-0515-425c-84a5-c732b1a894e2, 500000000 ,,,2025-11-08T14:08:27,init-script,2025-11-08T14:08:27,init-script
9eef117e-f07a-46a8-a3da-323a1a457997,ef031bff-4068-4091-81bb-1ac63832a410, 500000000 ,,,2025-11-08T14:08:27,init-script,2025-11-08T14:08:27,init-script
f3ac891d-f6ae-48c4-89f6-8a344880de18,3e88c3c6-d8c3-4d78-ad2f-d92e459571c3, 500000000 ,,,2025-11-08T14:08:27,init-script,2025-11-08T14:08:27,init-script
546adad2-de83-45bb-aafc-3dc1daaba864,16ef5004-04c0-40aa-b486-682af88f744c, 500000000 ,,,2025-11-08T14:08:27,init-script,2025-11-08T14:08:27,init-script
5af0217b-6590-47cf-8ba1-cf27682743f6,471028d5-dd19-430d-b678-d3943bbf185f, 500000000 ,,,2025-11-08T14:08:27,init-script,2025-11-08T14:08:27,init-script
9062907e-c40f-44b6-80e0-df1962aeaf6a,13ab3bba-7cd7-4b0e-983c-38d552a7f493, 500000000 ,,,2025-11-08T14:08:27,init-script,2025-11-08T14:08:27,init-script
4c288885-7ed1-40e6-971e-c117fb36a881,f2b62ca6-236e-4b5b-bab4-f927dd987eb0, 500000000 ,,,2025-11-08T14:08:27,init-script,2025-11-08T14:08:27,init-script
559d680e-8c47-4c4e-8480-a0a367c17142,bd127038-d645-4375-bf37-aff6cc44604d, 500000000 ,,,2025-11-08T14:08:27,init-script,2025-11-08T14:08:27,init-script
ff330296-f96a-4397-affc-294d1ab9ab6a,b38c635e-3438-4956-95f1-ea27c768089f, 500000000 ,,,2025-11-08T14:08:27,init-script,2025-11-08T14:08:27,init-script
507bde39-c7bd-4950-9662-7dadbdfc3ed7,d27dc9b5-958a-4f4d-bc9e-b1a9b588c76f, 500000000 ,,,2025-11-08T14:08:27,init-script,2025-11-08T14:08:27,init-script
f9665678-41a1-4027-953f-b7fad4c401a8,381adbaf-3bc5-4477-b23b-75101610f4a9, 500000000 ,,,2025-11-08T14:08:27,init-script,2025-11-08T14:08:27,init-script
45ef53a0-7339-450f-a655-17fe6d8dfb85,01f8f2be-a938-41ef-a0f4-3bd0c3a23754, 500000000 ,,,2025-11-08T14:08:27,init-script,2025-11-08T14:08:27,init-script
a7ba324f-8cc3-45f3-8e1d-77685bea9310,7bdc0ee2-846c-4795-a1c9-985d461ab95f, 500000000 ,,,2025-11-08T14:08:27,init-script,2025-11-08T14:08:27,init-script
2ef04a0a-0dc8-415a-a8b6-a3fdf82a7f40,177964d6-5da5-4ea5-96d1-e7564c905f94, 500000000 ,,,2025-11-08T14:08:27,init-script,2025-11-08T14:08:27,init-script
276d5f2b-3b7c-4514-a3bb-e552e1afb11e,b0ac67a2-6fda-4145-9010-928fa98e99b9, 500000000 ,,,2025-11-08T14:08:27,init-script,2025-11-08T14:08:27,init-script
171d7a49-f7c4-4dce-a8a3-014b77c7eb46,7fe56c54-c376-4ac3-9042-082fca270000, 500000000 ,,,2025-11-08T14:08:27,init-script,2025-11-08T14:08:27,init-script
25c4514f-f888-4bd1-b93e-3d2cec421f09,1e423560-08f3-41ae-b458-d168d38ea42d, 500000000 ,,,2025-11-08T14:08:27,init-script,2025-11-08T14:08:27,init-script
d0303ccc-1428-4e73-afdb-c7ff5c8da3dd,61fbcf6f-6898-4558-a2e8-a11137b32112, 500000000 ,,,2025-11-08T14:08:27,init-script,2025-11-08T14:08:27,init-script
1d28202b-14d8-434d-96bb-5ba54dbc1ced,168d7d7f-6d07-4d3f-bca2-a3546b00f1c3, 500000000 ,,,2025-11-08T14:08:27,init-script,2025-11-08T14:08:27,init-script
ca6c7240-9780-4eb8-bab4-f82cf8d623c2,c1802db4-136c-42d2-8eb8-603156aa551a, 500000000 ,,,2025-11-08T14:08:27,init-script,2025-11-08T14:08:27,init-script
f972f75f-98cb-4d3a-90fe-120c0e7c946a,fad676cb-1d1b-458e-97f6-05e3d2150cc7, 500000000 ,,,2025-11-08T14:08:27,init-script,2025-11-08T14:08:27,init-script
11c6bc15-1f9f-4a3a-b31b-6e8eea542bcc,b916e2cc-c3c7-4464-9f79-c45ebbc41d60, 500000000 ,,,2025-11-08T14:08:27,init-script,2025-11-08T14:08:27,init-script
bd9bdb7a-96e4-43c3-b176-bbfb1a4864b8,13c9e559-02b2-4798-bfc4-e75d72ee0e62, 500000000 ,,,2025-11-08T14:08:27,init-script,2025-11-08T14:08:27,init-script
7b879032-463d-44f6-9cf1-05585b04d23c,e596e0fd-901c-4ff0-bf7a-a16269e9dfa8, 500000000 ,,,2025-11-08T14:08:27,init-script,2025-11-08T14:08:27,init-script
14bbbda5-ab67-4e02-86b1-c4f565d5ba90,43a90e16-f92e-4357-9a76-8b73c6351311, 500000000 ,,,2025-11-08T14:08:27,init-script,2025-11-08T14:08:27,init-script
fdbf867f-8027-425c-aead-cb085abdfff2,b591f266-aad1-40d2-aacc-7dc5f4b87ad8, 500000000 ,,,2025-11-08T14:08:27,init-script,2025-11-08T14:08:27,init-script
a598b94f-7fed-46c6-b4f3-85eb3e39d2d3,3923a5da-b15f-4ae9-934c-7a623fe93d0c, 500000000 ,,,2025-11-08T14:08:27,init-script,2025-11-08T14:08:27,init-script
5ca5276e-e4db-43f1-917a-ddaa497c2b9e,6e262973-1b53-4cc8-a1a6-d0d8e7362edf, 500000000 ,,,2025-11-08T14:08:27,init-script,2025-11-08T14:08:27,init-script
357e5be9-ae31-414b-b6bc-0535737111ac,40b28ab5-d0b3-4c9a-9c10-0b93a4c10abd, 500000000 ,,,2025-11-08T14:08:27,init-script,2025-11-08T14:08:27,init-script
229e8c79-ff6a-4c31-9b2e-e2e5ff6eae21,c6acba4f-5e1b-4c07-9a7f-6c3d6d49fb46, 500000000 ,,,2025-11-08T14:08:27,init-script,2025-11-08T14:08:27,init-script
fcd3ef72-3302-41c8-b0e8-035378623814,21bf26f0-80e8-4c50-ad4d-fa22e5f946b2, 500000000 ,,,2025-11-08T14:08:27,init-script,2025-11-08T14:08:27,init-script
f5a7b92e-9c6e-4f30-9520-471cf9f51d21,bdeb668a-91cf-40fe-96ec-1accd59f2126, 500000000 ,,,2025-11-08T14:08:27,init-script,2025-11-08T14:08:27,init-script
d0b71721-5dd9-4ca6-98ea-bef1a2b8b525,f271dba6-3e6a-4027-abfd-12a3458e4190, 500000000 ,,,2025-11-08T14:08:27,init-script,2025-11-08T14:08:27,init-script
61d2963c-a96b-464a-be10-e70944da6b45,25161f97-a79e-4b44-a366-62d30d2c6f1c, 500000000 ,,,2025-11-08T14:08:27,init-script,2025-11-08T14:08:27,init-script
9fd137dd-c290-41e6-9233-541bae7804ab,c719cf30-b54c-4a0a-bfd4-61d3dc4db0f1, 500000000 ,,,2025-11-08T14:08:27,init-script,2025-11-08T14:08:27,init-script
915406ec-d774-43f3-a982-8445f2726735,7edb9858-4b31-411f-8e5e-ff66fe0e3d8d, 500000000 ,,,2025-11-08T14:08:27,init-script,2025-11-08T14:08:27,init-script
337de521-f13c-4f77-9cb8-a4da95865dde,1be19d63-e913-436d-84c6-13f912024b1e, 500000000 ,,,2025-11-08T14:08:27,init-script,2025-11-08T14:08:27,init-script
b3de3a62-6de5-469a-91b2-7ed3fe47d113,efb7f3a6-4a1a-48d8-a1c5-f0c6fa1b5e4c, 500000000 ,,,2025-11-08T14:08:27,init-script,2025-11-08T14:08:27,init-script
16aefc93-2dec-41f9-a353-3dc7104ca3e3,43511459-dde7-4b7e-9a72-7c37ba60101e, 500000000 ,,,2025-11-08T14:08:27,init-script,2025-11-08T14:08:27,init-script
ac596313-90b2-43f1-bc6a-67b636e2c5cd,d187d5a0-3390-4540-b75a-f25ba16d1f3d, 500000000 ,,,2025-11-08T14:08:27,init-script,2025-11-08T14:08:27,init-script
b7a5c4c5-d149-43ac-b47c-b536f9c0129d,e282288c-b9f6-47cd-9e65-0c6233647faa, 500000000 ,,,2025-11-08T14:08:27,init-script,2025-11-08T14:08:27,init-script
d63fd0f2-c15e-48e1-bd13-8ced12b20b8f,0f6fdb8b-67c4-4e73-b204-9ee2b60a3fb4, 500000000 ,,,2025-11-08T14:08:27,init-script,2025-11-08T14:08:27,init-script
63e19c85-8700-4d2a-8da4-ed52c450d8b2,0beab5f1-f3d8-4669-9727-1231e1793e16, 500000000 ,,,2025-11-08T14:08:27,init-script,2025-11-08T14:08:27,init-script
a6627c77-da54-494a-b93d-05b4b7234beb,9991842d-af43-421b-8132-3994976bb3dc, 500000000 ,,,2025-11-08T14:08:27,init-script,2025-11-08T14:08:27,init-script
994ed4b8-c1d6-4989-b7f4-bf88e8bceca5,b2ecb83d-fdf6-4b7b-b604-daaea316a574, 500000000 ,,,2025-11-08T14:08:27,init-script,2025-11-08T14:08:27,init-script
ebd0e370-54f4-467c-96c0-12c00f792440,8aadae82-cb73-4ab2-a939-c45430aea390, 500000000 ,,,2025-11-08T14:08:27,init-script,2025-11-08T14:08:27,init-script
635292d5-5a68-43d9-9b1b-6d43dd029d77,8a3c82bd-dea5-496a-805c-89372c9e3c47, 500000000 ,,,2025-11-08T14:08:27,init-script,2025-11-08T14:08:27,init-script
d7e992f6-247e-4ca1-b8d0-e7b7a3311cfa,8aae7051-dba0-4605-b504-4d1505c84ba8, 500000000 ,,,2025-11-08T14:08:27,init-script,2025-11-08T14:08:27,init-script
6d2ca034-6f33-4d04-b1cd-0dd513d52df9,bfe81fac-60bb-4259-82d5-339694ae4190, 500000000 ,,,2025-11-08T14:08:27,init-script,2025-11-08T14:08:27,init-script
e5d24581-a4b2-41e5-ae51-feece24bfc22,f767de39-30d2-4911-ba08-74cac9f97b48, 500000000 ,,,2025-11-08T14:08:27,init-script,2025-11-08T14:08:27,init-script
0d86ca82-9a5c-49a3-8b0a-b9fa794e0847,010d786f-fc31-4652-84f6-afcf013cbc18, 500000000 ,,,2025-11-08T14:08:27,init-script,2025-11-08T14:08:27,init-script
9ac73789-536b-47b6-a361-d2a422070406,7bd83b43-a00f-4b88-ba2b-7c37335d5079, 500000000 ,,,2025-11-08T14:08:27,init-script,2025-11-08T14:08:27,init-script
f618b607-a927-45cb-b171-fcfee0dca769,6f483077-7fd9-4479-873d-d3f6a2d710ca, 500000000 ,,,2025-11-08T14:08:27,init-script,2025-11-08T14:08:27,init-script
6a3ebd9d-a662-49f9-9157-dd0e33613f53,75127e38-a9a2-43ba-8a17-1ebc8c37038b, 500000000 ,,,2025-11-08T14:08:27,init-script,2025-11-08T14:08:27,init-script
9aa4cd7d-65c8-4c29-9a25-8b748e2518e2,01140935-eaa0-4a9f-ac92-573783a026e6, 500000000 ,,,2025-11-08T14:08:27,init-script,2025-11-08T14:08:27,init-script
3d03371b-99d6-424f-aafa-086000ae51cc,831d6e82-2545-42d4-bd61-19528130d14b, 500000000 ,,,2025-11-08T14:08:27,init-script,2025-11-08T14:08:27,init-script
a75f2006-e86b-4986-9090-59b6274291da,48ea5b35-1dfb-4cc5-91da-9cec0d21d385, 500000000 ,,,2025-11-08T14:08:27,init-script,2025-11-08T14:08:27,init-script
b01f38ac-e430-42a0-aadc-27eb6dba4c9e,3bd2681d-ed0d-4b27-b395-692ac931e30c, 500000000 ,,,2025-11-08T14:08:27,init-script,2025-11-08T14:08:27,init-script
02d2e390-ba01-4492-a048-fff9a27f4d7d,2d48e532-65dd-440f-a943-28858453e1b0, 500000000 ,,,2025-11-08T14:08:27,init-script,2025-11-08T14:08:27,init-script
60197228-f60b-41a5-944d-8b92dfb9c86d,9c42bb39-4b03-460c-bb0a-815fac1a4bca, 500000000 ,,,2025-11-08T14:08:27,init-script,2025-11-08T14:08:27,init-script
93661f75-de56-4fcd-b22d-4fceaceb0ff4,b0c53f4d-a28e-4d23-8043-7d3318faed11, 500000000 ,,,2025-11-08T14:08:27,init-script,2025-11-08T14:08:27,init-script
fe8cfea6-3c43-4e51-8fe5-86f4227feb1f,5905f93d-4162-4f5e-b462-dd50a38e186b, 500000000 ,,,2025-11-08T14:08:27,init-script,2025-11-08T14:08:27,init-script
82864434-ed49-4011-ac9e-4dee72b320cf,55a32169-7592-4330-886f-3c93f7706972, 500000000 ,,,2025-11-08T14:08:27,init-script,2025-11-08T14:08:27,init-script
61c3074a-5dc7-47d5-b201-c3f2cc8cad38,a8812345-4ccc-4745-8009-e965931047d3, 500000000 ,,,2025-11-08T14:08:27,init-script,2025-11-08T14:08:27,init-script
69a72738-63fc-435e-a6b9-4fc095e9e3e0,15266dca-b2e4-4da3-b447-83483444977d, 500000000 ,,,2025-11-08T14:08:27,init-script,2025-11-08T14:08:27,init-script
d08e438b-6579-47e3-962f-07d30c6e6bdb,9d7eec90-afbf-4a6b-889c-f69055220c8c, 500000000 ,,,2025-11-08T14:08:27,init-script,2025-11-08T14:08:27,init-script
66aa6002-8d20-47da-843c-52969039b6ba,d060696a-c3cf-4e41-b107-ed8641566f5f, 500000000 ,,,2025-11-08T14:08:27,init-script,2025-11-08T14:08:27,init-script
c2ddb519-85cf-4ce9-8d4d-abefb3a4b1fe,2d97d252-bab3-44cb-bcac-90b6bc417c8f, 500000000 ,,,2025-11-08T14:08:27,init-script,2025-11-08T14:08:27,init-script
a5f95d25-3738-4cfb-b44f-ecd41bcc0e23,a88f4fd4-55c3-496c-99b9-d3b75d11fd59, 500000000 ,,,2025-11-08T14:08:27,init-script,2025-11-08T14:08:27,init-script
68b87f07-19ff-4648-bd4e-e93106c61de0,ed2a543a-cee3-40b0-907c-b8c8794918b1, 500000000 ,,,2025-11-08T14:08:27,init-script,2025-11-08T14:08:27,init-script
d036e8d9-0b3e-475f-b010-0ade22743e4b,81e35a7d-527b-4f4b-8fb7-e0c57262938a, 500000000 ,,,2025-11-08T14:08:27,init-script,2025-11-08T14:08:27,init-script
7a125d51-048e-47bf-94ff-9656f0cfa307,0eb13647-6c39-4cab-9aab-d4ba7b310788, 500000000 ,,,2025-11-08T14:08:27,init-script,2025-11-08T14:08:27,init-script
3a2098ea-0ea3-4717-b267-eecced016761,fff71580-828a-40cc-9651-ad14c80e2fdc, 500000000 ,,,2025-11-08T14:08:27,init-script,2025-11-08T14:08:27,init-script
ddafd642-6547-49d1-a65d-b7368d2aeaf9,c9d960ea-0907-43f0-bb30-abe20e1a0ea6, 500000000 ,,,2025-11-08T14:08:27,init-script,2025-11-08T14:08:27,init-script
a06ec99f-c8c6-4e11-a4de-1e36ce59948e,4455d7c3-cb02-4471-8c60-e16cf457e59e, 500000000 ,,,2025-11-08T14:08:27,init-script,2025-11-08T14:08:27,init-script
2bf7b0f9-9dd4-4e9e-9c31-19192a82d97e,a510d468-4abc-4d91-9af7-af08924498c3, 500000000 ,,,2025-11-08T14:08:27,init-script,2025-11-08T14:08:27,init-script
a076559f-a004-459c-9cff-e66253cea183,9f240048-8b0e-4fab-b1da-22c0fc17b6fe, 500000000 ,,,2025-11-08T14:08:27,init-script,2025-11-08T14:08:27,init-script
e3ed0b69-82c8-466a-9b9a-5d5f15bf1b9f,29013a15-a0d2-48c3-a30a-8daa969adf97, 500000000 ,,,2025-11-08T14:08:27,init-script,2025-11-08T14:08:27,init-script
361dcf90-f447-432a-8c66-173a433f3742,edd02c14-4497-480b-9713-dede244d3ca8, 500000000 ,,,2025-11-08T14:08:27,init-script,2025-11-08T14:08:27,init-script
8f2f92e7-9aaa-4321-83ae-c325cf6c6cc8,dda90280-a914-4038-9d71-a6a8f46c40d8, 500000000 ,,,2025-11-08T14:08:27,init-script,2025-11-08T14:08:27,init-script
fe8b1df2-19ad-41d7-8943-71a20f78e8f7,a447f119-5e16-4510-9111-5efbeafda667, 500000000 ,,,2025-11-08T14:08:27,init-script,2025-11-08T14:08:27,init-script
0266e237-32bd-430d-8626-0945d78c8e3e,585baacc-1e26-4f6b-8fcd-0b80f73ec7c2, 500000000 ,,,2025-11-08T14:08:27,init-script,2025-11-08T14:08:27,init-script
ab552c97-8ca9-4faa-9213-20d1e487ddc1,e94016e6-fcad-4693-9c80-e57c13134e21, 500000000 ,,,2025-11-08T14:08:27,init-script,2025-11-08T14:08:27,init-script
c7503c64-29ef-4f97-98a7-15495dd10fcc,2222fc2a-c6f3-4064-b504-174135cbec08, 500000000 ,,,2025-11-08T14:08:27,init-script,2025-11-08T14:08:27,init-script
bfe99fcb-51d1-4f74-816a-076e8bfe9552,b37ddfe9-adfe-4c1e-ba27-ac11226da0c1, 500000000 ,,,2025-11-08T14:08:27,init-script,2025-11-08T14:08:27,init-script
21170319-5496-4d38-9d6a-4a0af3b959d4,97680831-ec7e-401f-b39f-91ebb54c46c9, 500000000 ,,,2025-11-08T14:08:27,init-script,2025-11-08T14:08:27,init-script
e24e960c-5808-457d-a3eb-51f9110a89ef,e93d376b-87b3-4e3e-942b-15430d305463, 500000000 ,,,2025-11-08T14:08:27,init-script,2025-11-08T14:08:27,init-script
d7513228-f671-4be7-a1cf-1589f97dedd2,2139a79d-e0a7-42dd-95ee-546be3580919, 500000000 ,,,2025-11-08T14:08:27,init-script,2025-11-08T14:08:27,init-script
45e83948-e791-4b0c-9c16-371592c4dd08,d6344a48-72d8-4544-adc6-bfcba1174f60, 500000000 ,,,2025-11-08T14:08:27,init-script,2025-11-08T14:08:27,init-script
219503b0-4a84-4bab-8dd4-a4385c160463,0ca7001e-5816-487d-80b0-d0445286c5bd, 500000000 ,,,2025-11-08T14:08:27,init-script,2025-11-08T14:08:27,init-script
4dc3cd59-c1b0-4b88-950d-8fc8583f2343,f2ae27f0-62d7-4a8d-b52e-8e447135019c, 500000000 ,,,2025-11-08T14:08:27,init-script,2025-11-08T14:08:27,init-script
19b39e67-d480-49ad-bba3-96f6a8870ed7,56c49cee-d2e7-44e8-b1f6-28aa4fe7be39, 500000000 ,,,2025-11-08T14:08:27,init-script,2025-11-08T14:08:27,init-script
3796186a-ee5e-449b-b311-cbb976665b7e,4dc35836-72a9-4b34-b41f-9dded6846849, 500000000 ,,,2025-11-08T14:08:27,init-script,2025-11-08T14:08:27,init-script
103d2a0b-a7d3-4c3a-9c22-2e9fcb161375,965682c3-e838-442b-b550-85ccf7bac0ce, 500000000 ,,,2025-11-08T14:08:27,init-script,2025-11-08T14:08:27,init-script
920432e2-6297-40a4-9a01-07f051a60376,ae47feb2-a5aa-4611-a193-9ff0aa3888b8, 500000000 ,,,2025-11-08T14:08:27,init-script,2025-11-08T14:08:27,init-script
688111cb-1da4-4522-8e01-5c548b0d2bd5,315dd667-b8a9-43e1-9ceb-7741f8084ab3, 500000000 ,,,2025-11-08T14:08:27,init-script,2025-11-08T14:08:27,init-script
005ea502-86bf-4295-a59a-6abd440977db,8623685c-7dd5-46c3-8c86-8939d78a95e0, 500000000 ,,,2025-11-08T14:08:27,init-script,2025-11-08T14:08:27,init-script
d3e069f0-b260-49ed-b410-e2839da5509e,31104248-c253-4f94-a93b-cec1d667f3f7, 500000000 ,,,2025-11-08T14:08:27,init-script,2025-11-08T14:08:27,init-script
febbb216-bc58-480f-976c-2569d12d14dd,8dfafca7-10f4-44fd-81f6-c20b016436ed, 500000000 ,,,2025-11-08T14:08:27,init-script,2025-11-08T14:08:27,init-script
80f09653-436a-46a7-9fb5-14e1c0870796,380c33a5-3185-4701-9b5d-505ab1c3e2b2, 500000000 ,,,2025-11-08T14:08:27,init-script,2025-11-08T14:08:27,init-script
84645f9a-2885-4194-afbd-19e76c63fbc9,25290d42-a28a-4fee-9d5e-2225099e10c5, 500000000 ,,,2025-11-08T14:08:27,init-script,2025-11-08T14:08:27,init-script
f6c449a8-f362-47e5-aa6f-64908a449499,efe4360d-f6ed-4672-b0e2-25334a35de58, 500000000 ,,,2025-11-08T14:08:27,init-script,2025-11-08T14:08:27,init-script
345839ac-d553-4478-9398-0448e0c19067,88774a61-54a2-44f9-95d7-a50baea38741, 500000000 ,,,2025-11-08T14:08:27,init-script,2025-11-08T14:08:27,init-script
9679878b-6482-402f-bbd0-92e8d6bab182,0cd0c0db-25f5-4d96-a16c-f42c593e8100, 500000000 ,,,2025-11-08T14:08:27,init-script,2025-11-08T14:08:27,init-script
cdbc11fa-df71-4d90-b7d3-2a5a1c4ab919,7f846520-4eb1-41fc-b4a1-ebf9914bbd86, 500000000 ,,,2025-11-08T14:08:27,init-script,2025-11-08T14:08:27,init-script
ccba21af-ac29-4083-8f6b-e3bf07e8a57e,71fa21e6-d155-4fe6-a663-841f95813128, 500000000 ,,,2025-11-08T14:08:27,init-script,2025-11-08T14:08:27,init-script
4a5df153-22aa-4a71-a325-ddb406bb74fc,bc3d665e-b91c-4db8-98b0-7b940d4608bb, 500000000 ,,,2025-11-08T14:08:27,init-script,2025-11-08T14:08:27,init-script
a134b126-5861-4f3b-8088-80825e11cd51,c50fb565-5405-4013-a4c7-b1ea4a4869a3, 500000000 ,,,2025-11-08T14:08:27,init-script,2025-11-08T14:08:27,init-script
080f63c8-abd1-417b-81c6-63d8604294c9,bad5afca-dda7-4970-9b9d-e52c93ff0ab3, 500000000 ,,,2025-11-08T14:08:27,init-script,2025-11-08T14:08:27,init-script
592bf34a-a930-424b-acae-b841b3687d9c,99132952-35e3-4e96-b59f-e668f696a1af, 500000000 ,,,2025-11-08T14:08:27,init-script,2025-11-08T14:08:27,init-script
f306136d-0660-4d66-ac0d-52cc6a9ff957,eac26bfd-fc8f-4e0c-a9c5-41292e4db5c1, 500000000 ,,,2025-11-08T14:08:27,init-script,2025-11-08T14:08:27,init-script
7be93e3d-85c8-4c4a-af07-eed54b8cb3e7,05105a0d-3686-4d99-880f-5242a63a534a, 500000000 ,,,2025-11-08T14:08:27,init-script,2025-11-08T14:08:27,init-script
f33e9601-e6d5-4059-90ac-e4c03d498887,2a1ef1f7-e624-421d-8510-6c19f4849daa, 500000000 ,,,2025-11-08T14:08:27,init-script,2025-11-08T14:08:27,init-script
567c176d-d38a-4e3c-9f38-c163cd34b4e6,9fa41794-e714-4cab-a45a-83088080ad3e, 500000000 ,,,2025-11-08T14:08:27,init-script,2025-11-08T14:08:27,init-script
27dfdab1-e4e6-4c14-923c-3ee14288c10e,64a056a4-d10f-4d4c-a0b5-9a09bc1ced33, 500000000 ,,,2025-11-08T14:08:27,init-script,2025-11-08T14:08:27,init-script
e8ab5e24-8828-4ae1-94f7-6302c0f69d25,3fc5c78f-6d7c-436a-9c45-a72e8a857d44, 500000000 ,,,2025-11-08T14:08:27,init-script,2025-11-08T14:08:27,init-script
9d3b67b1-b3d5-4379-bf4c-a1d20c46c97f,73c61985-1b3d-440c-b0cc-57eaecee3527, 500000000 ,,,2025-11-08T14:08:27,init-script,2025-11-08T14:08:27,init-script
dc1aa5a8-79e2-49ff-9ee3-449d5ef9c0cc,1f774f7f-51b3-4ba5-927f-3fa1839d1ec7, 500000000 ,,,2025-11-08T14:08:27,init-script,2025-11-08T14:08:27,init-script
17101601-5539-4ee5-8cf7-0d54133ec317,d769b872-d2ee-4b7f-b77d-283c7cd26524, 500000000 ,,,2025-11-08T14:08:27,init-script,2025-11-08T14:08:27,init-script
c0fdc765-cd9c-429c-874f-f8c6d46d3771,84628a7c-3ba3-4a8d-99b9-1f066ef2394e, 500000000 ,,,2025-11-08T14:08:27,init-script,2025-11-08T14:08:27,init-script
94ef3843-5ce0-4b54-8c4e-c99c54bec48c,f98c8d82-4948-41a8-81c1-0a2dd3dc9437, 500000000 ,,,2025-11-08T14:08:27,init-script,2025-11-08T14:08:27,init-script
9f018aba-0b0b-417e-ba93-9ff16dd555cd,88e8c393-cc7b-4a77-a09d-35bfde14aaff, 500000000 ,,,2025-11-08T14:08:27,init-script,2025-11-08T14:08:27,init-script
fa11de39-6b5b-43f6-868d-b75584a41477,e3fc1898-64f0-4a89-8e88-63707ae4ab74, 500000000 ,,,2025-11-08T14:08:27,init-script,2025-11-08T14:08:27,init-script
76cd24ec-6618-49f0-aa3c-482fba61949e,3cc186d9-2fcd-43cc-b5b9-2cb37d8fd79f, 500000000 ,,,2025-11-08T14:08:27,init-script,2025-11-08T14:08:27,init-script
cc18996e-2fdb-430d-adb1-5a9ee14c5647,366847aa-b6ca-494e-87b9-a7031b99a6ec, 500000000 ,,,2025-11-08T14:08:27,init-script,2025-11-08T14:08:27,init-script
b48e9b7a-68f2-4be1-9e3a-fab82fe4421f,77bab3f0-8b76-4de0-8530-8803af0c429e, 500000000 ,,,2025-11-08T14:08:27,init-script,2025-11-08T14:08:27,init-script
827811da-084e-4bab-b501-8214ebe8e964,67c39347-f680-470b-ad3f-fcdb979726e9, 500000000 ,,,2025-11-08T14:08:27,init-script,2025-11-08T14:08:27,init-script
4eb34b92-20eb-4cac-bcbe-04cce94ddfdd,966cb50f-7371-4727-9388-7a85752c42be, 500000000 ,,,2025-11-08T14:08:27,init-script,2025-11-08T14:08:27,init-script
4ee18a48-3600-4dc4-bcec-adf3ee9b350c,e8436a92-6eb9-4b76-819a-e6c54f6dcf93, 500000000 ,,,2025-11-08T14:08:27,init-script,2025-11-08T14:08:27,init-script
5c7e76bd-1746-44cf-8b3a-f5673f34130c,f2184a34-de91-4649-af8d-93c38b0b4359, 500000000 ,,,2025-11-08T14:08:27,init-script,2025-11-08T14:08:27,init-script
f618adbe-00ca-4320-b2b8-a51ae4651ddc,8ec1566f-e109-47b4-acf2-32caa4e30533, 500000000 ,,,2025-11-08T14:08:27,init-script,2025-11-08T14:08:27,init-script
0bf3863a-2e3d-4f44-b7b9-039ddcb7498b,ee5dd30d-808d-41d5-9768-716823de1be7, 500000000 ,,,2025-11-08T14:08:27,init-script,2025-11-08T14:08:27,init-script
bf0c82f9-173f-4213-a238-51e0366712a5,edd34ec0-705e-4395-95d7-d1d4d76c32b5, 500000000 ,,,2025-11-08T14:08:27,init-script,2025-11-08T14:08:27,init-script
ce9d6f90-d9f3-48c2-9838-7e67fc252373,eff9a955-0c38-4745-a96d-a282ade79d26, 500000000 ,,,2025-11-08T14:08:27,init-script,2025-11-08T14:08:27,init-script
2685b08d-a101-40f7-b1e1-49ad5a32e48a,1c4b51d2-0e84-421a-96f1-cc19b5ffb067, 500000000 ,,,2025-11-08T14:08:27,init-script,2025-11-08T14:08:27,init-script
b026ae0d-3755-4015-a754-b3e7201db1b3,2ec169b4-6208-4b29-8b46-c7e17a843ae8, 500000000 ,,,2025-11-08T14:08:27,init-script,2025-11-08T14:08:27,init-script
9a67d297-8216-45cc-a1f7-d7546839a3f4,4fe50b5d-0fad-4826-a66b-69cfd9ce9abe, 500000000 ,,,2025-11-08T14:08:27,init-script,2025-11-08T14:08:27,init-script
6b7a8e7b-b43a-45cb-b554-9ce69f7e0be5,d03329f0-85b2-4051-a4c1-fa330077bd45, 500000000 ,,,2025-11-08T14:08:27,init-script,2025-11-08T14:08:27,init-script
8ef12c43-5efb-4f41-83dc-0dcfd06255d6,ffbb919b-d47e-4fc5-8394-4ea0a2026bf6, 500000000 ,,,2025-11-08T14:08:27,init-script,2025-11-08T14:08:27,init-script
7d3109e6-a5c1-4348-a083-ad1a1e253537,fc7af434-69a8-42ad-b9d1-7e6a960088c7, 500000000 ,,,2025-11-08T14:08:27,init-script,2025-11-08T14:08:27,init-script
fd2dd7a3-761f-4757-a0b5-9d0c1a56eac6,ad770b1c-4199-41e2-8dbf-eaae6322a309, 500000000 ,,,2025-11-08T14:08:27,init-script,2025-11-08T14:08:27,init-script
38f1d137-d937-464e-b4ba-7324c0982f5c,c0ed86d2-94f8-44f8-8b33-452378d5c95a, 500000000 ,,,2025-11-08T14:08:27,init-script,2025-11-08T14:08:27,init-script
30be1753-857d-4295-be85-5afa5a999163,4282e64f-95c2-4249-996c-f9af9662abd0, 500000000 ,,,2025-11-08T14:08:27,init-script,2025-11-08T14:08:27,init-script
f4c547d5-de3d-4bf0-bdc2-d86db13f73ab,69e1b279-c2f8-4853-a0c4-b5ea83098125, 5000000000 ,,,2025-11-08T14:08:27,init-script,2025-11-08T14:08:27,init-script
21692cb1-7b22-4f34-8d5f-6d97c611df4d,5f2d91db-abdc-4b46-b1c1-f3c87168ced8, 5000000000 ,,,2025-11-08T14:08:27,init-script,2025-11-08T14:08:27,init-script
d5131dd7-9b6b-47e7-8d41-f797bbe1684c,41085c7f-e95d-4795-9b90-885368b06594, 5000000000 ,,,2025-11-08T14:08:27,init-script,2025-11-08T14:08:27,init-script
2fcb6a58-b091-4f7a-8f04-debab92da94b,e03a8ed6-54f9-4bd4-ad7a-7cd37a111de2, 5000000000 ,,,2025-11-08T14:08:27,init-script,2025-11-08T14:08:27,init-script
f741487c-b8ba-46ee-aabf-a64c04d58dc3,4b3aa7d3-e3cc-4ae6-8847-c76ef0571135, 5000000000 ,,,2025-11-08T14:08:27,init-script,2025-11-08T14:08:27,init-script
d7a774ca-3753-47ef-a32a-80f5fcdc1d42,eb480809-978b-43f8-9b2b-e542c1b5be84, 5000000000 ,,,2025-11-08T14:08:27,init-script,2025-11-08T14:08:27,init-script
1ffec2e2-9ef4-466c-83db-0f196728ed75,cdfdad34-91e2-47c0-a6e5-eaa58e2be67b, 5000000000 ,,,2025-11-08T14:08:27,init-script,2025-11-08T14:08:27,init-script
ac48e268-5b9a-46f6-9a11-960c66045c10,ae72c7ae-b8d5-4e92-bf70-63056c4b4850, 5000000000 ,,,2025-11-08T14:08:27,init-script,2025-11-08T14:08:27,init-script
df07f210-ae95-438d-8144-3b0542842950,3131536a-baf5-42bc-9a90-7be1575a338f, 5000000000 ,,,2025-11-08T14:08:27,init-script,2025-11-08T14:08:27,init-script
9161da02-cf84-4bd7-ade6-5f4f938f483b,6f2e26ab-d01b-4ed0-98b4-05575b773f30, 5000000000 ,,,2025-11-08T14:08:27,init-script,2025-11-08T14:08:27,init-script
d6fe44bd-9052-4b14-8185-42359e54e0a7,4945f194-ca67-46cc-9602-245974a78424, 5000000000 ,,,2025-11-08T14:08:27,init-script,2025-11-08T14:08:27,init-script
e231178e-2f9a-49b4-84f0-e968b2f043c8,b7def2d6-7cf0-41da-9739-ad451110f669, 5000000000 ,,,2025-11-08T14:08:27,init-script,2025-11-08T14:08:27,init-script
48662e01-7bcb-4e31-924e-e9f65364a396,54d5240a-43ef-49a0-be27-be5ce7cd6868, 5000000000 ,,,2025-11-08T14:08:27,init-script,2025-11-08T14:08:27,init-script
bc526707-c05a-4f07-8828-6d5b75c06e39,c4987110-a4b7-4dab-b2d0-573af6b1192e, 5000000000 ,,,2025-11-08T14:08:27,init-script,2025-11-08T14:08:27,init-script
f60936c7-86c6-4b06-bcd2-05bd4708f810,b35c6ca5-fe91-40c2-aaeb-946157b7e1c8, 5000000000 ,,,2025-11-08T14:08:27,init-script,2025-11-08T14:08:27,init-script
c4eec90e-0322-43af-a08c-c048742cab82,69270806-3148-4cbd-8bf4-61090db26ca6, 5000000000 ,,,2025-11-08T14:08:27,init-script,2025-11-08T14:08:27,init-script
ef38ad54-0d68-4e64-9303-944846a9946a,0f566a66-ab73-4e1e-a09b-87e191fd3eb8, 5000000000 ,,,2025-11-08T14:08:27,init-script,2025-11-08T14:08:27,init-script
2d685c6c-b300-4e3a-94a4-80ce059157dc,f07ad21e-4c4c-4b20-b700-ed18fc031923, 5000000000 ,,,2025-11-08T14:08:27,init-script,2025-11-08T14:08:27,init-script
c9fa01cf-97d1-4304-972c-cb6d5bd55d3a,b2736f18-73bd-4220-818a-700e8b9b7101, 5000000000 ,,,2025-11-08T14:08:27,init-script,2025-11-08T14:08:27,init-script
0b559d3a-fac0-4352-a41b-7cb224a68cf6,e905760c-677a-40d7-bcb0-dbace6359565, 5000000000 ,,,2025-11-08T14:08:27,init-script,2025-11-08T14:08:27,init-script
7f0e2978-7d93-4640-b487-faddc45b0cc5,68b37046-d6da-43e6-97e6-e96987b0d47d, 5000000000 ,,,2025-11-08T14:08:27,init-script,2025-11-08T14:08:27,init-script
f7825f5f-553e-48c2-ba24-cb7bf795ad52,0d98c30e-2cd1-4949-b462-a18de2e9ee9a, 5000000000 ,,,2025-11-08T14:08:27,init-script,2025-11-08T14:08:27,init-script
ef84cc00-e5f3-4607-bee1-9a4319a3ee5b,3f148b47-b903-4bad-8de5-19dcc348bfe5, 5000000000 ,,,2025-11-08T14:08:27,init-script,2025-11-08T14:08:27,init-script
c3b1386d-256f-42dd-a963-10152b9d2a6d,25936ca3-8307-4183-9440-c658ae98e463, 5000000000 ,,,2025-11-08T14:08:27,init-script,2025-11-08T14:08:27,init-script
9e87884f-a1ed-4d67-a21e-7a7d98cda41e,822b0c15-992d-419c-9972-d59809bc2d57, 5000000000 ,,,2025-11-08T14:08:27,init-script,2025-11-08T14:08:27,init-script
7025c4db-5e5d-4778-b4f9-6876bb9eb09b,53dabdbe-f993-424b-89f5-5b9f86bc62fb, 5000000000 ,,,2025-11-08T14:08:27,init-script,2025-11-08T14:08:27,init-script
a5782c4f-c0a6-48bf-b912-03b59ea30638,9d019c2f-cf52-4765-9c7f-2155ef280f5c, 1000000000 ,,,2025-11-08T14:08:27,init-script,2025-11-08T14:08:27,init-script
4f48cbf1-9275-4681-8529-0a9804f6769f,cf9edb47-bf08-448f-98f4-cc9db0569b20, 1000000000 ,,,2025-11-08T14:08:27,init-script,2025-11-08T14:08:27,init-script
9061362d-73d0-4e52-9d6a-e3755e2afb25,6b77bc6c-585c-4746-8a87-8254cb1c3ff1, 1000000000 ,,,2025-11-08T14:08:27,init-script,2025-11-08T14:08:27,init-script
d3e3fd6e-a63d-4cd2-a705-09126a134e70,6a580a65-244e-4fdc-853b-9b0f736ca49a, 1000000000 ,,,2025-11-08T14:08:27,init-script,2025-11-08T14:08:27,init-script
3e7119ea-a1cc-4dcc-ad2a-b72bd3c99c9b,41a1c190-94f6-4ffc-ae3f-0a3a1a3042af, 1000000000 ,,,2025-11-08T14:08:27,init-script,2025-11-08T14:08:27,init-script
58aa8ae7-4427-424b-8ea6-d9e4cbfb7695,bf1b86f7-eed3-4883-a90c-82cd7ec087f5, 1000000000 ,,,2025-11-08T14:08:27,init-script,2025-11-08T14:08:27,init-script
65558204-19f6-4412-8ded-3b9142616721,e527cab8-fa83-445f-9d85-6e36427624cf, 1000000000 ,,,2025-11-08T14:08:27,init-script,2025-11-08T14:08:27,init-script
e5b8992b-21ed-497f-bc41-0fc9bd214166,09d231f2-028c-411e-a78a-04fb5aaeb299, 1000000000 ,,,2025-11-08T14:08:27,init-script,2025-11-08T14:08:27,init-script
f645320c-f145-40db-882b-d37c8e7f900a,323b6e6f-737b-46e4-9769-08fd6d3c4fa1, 1000000000 ,,,2025-11-08T14:08:27,init-script,2025-11-08T14:08:27,init-script
c3fb4aa2-6fd1-466f-8a6c-b534e9ba9445,6fbd5bd9-22ff-4f9b-b486-2b89a9e86c79, 1000000000 ,,,2025-11-08T14:08:27,init-script,2025-11-08T14:08:27,init-script
b2392605-56b3-4b12-ba42-c2e8fe8af139,e65db5e8-ae87-43b5-a6f8-fc4a65e50c18, 1000000000 ,,,2025-11-08T14:08:27,init-script,2025-11-08T14:08:27,init-script
64c582ca-180c-434b-a13d-848852376cda,3fe64dac-bd5c-460d-9964-afd94da4d1f9, 1000000000 ,,,2025-11-08T14:08:27,init-script,2025-11-08T14:08:27,init-script
799dc5ed-a067-4866-ada0-fa28bc02fdc4,77458216-af9d-4ad8-b9e0-b2052437eeba, 1000000000 ,,,2025-11-08T14:08:27,init-script,2025-11-08T14:08:27,init-script
18a637fc-5984-4965-aaa0-05faa4c229f5,20ffaa59-32c7-47cc-af8c-8c06f934bb37, 1000000000 ,,,2025-11-08T14:08:27,init-script,2025-11-08T14:08:27,init-script
6e6f8e0b-e1b5-4c6e-aba9-de90793d4fa2,de119617-888d-48f4-a447-0741fd8f66da, 1000000000 ,,,2025-11-08T14:08:27,init-script,2025-11-08T14:08:27,init-script
f3e6dc04-62a3-4e31-bb79-6edfe7580237,35916405-a5da-405a-8085-79fd00f6464b, 1000000000 ,,,2025-11-08T14:08:27,init-script,2025-11-08T14:08:27,init-script
ca0228e6-9082-444b-9269-96e991e93d55,c035d97f-4adb-4af2-8425-ed178f84e173, 1000000000 ,,,2025-11-08T14:08:27,init-script,2025-11-08T14:08:27,init-script
14597290-4cd4-463b-afff-cca63ca28e48,e285f28f-37ea-4f7f-a256-7587fbbd24cc, 1000000000 ,,,2025-11-08T14:08:27,init-script,2025-11-08T14:08:27,init-script
223e6c0f-2e07-49e3-b8b1-d787e6f04439,3f5f6bf6-985c-4e88-a6bc-d2dc433a4434, 1000000000 ,,,2025-11-08T14:08:27,init-script,2025-11-08T14:08:27,init-script
cf2c8d6c-fdfa-4114-b950-d227315ae5ee,7b6706ef-1206-4cdf-ab39-e9be5b5cab94, 1000000000 ,,,2025-11-08T14:08:27,init-script,2025-11-08T14:08:27,init-script
dd4f10ae-cc8c-481a-a2ea-9129f63d5ae3,7b195aa7-6991-4b3c-a6a5-c2a20bbd0cca, 1000000000 ,,,2025-11-08T14:08:27,init-script,2025-11-08T14:08:27,init-script
6e48a457-4ad0-4b51-8d27-179ab8d7458f,d6f0955e-038d-4678-ac17-a8dca7b9f1b3, 1000000000 ,,,2025-11-08T14:08:27,init-script,2025-11-08T14:08:27,init-script
7de41d2a-b370-429a-b366-526c569af526,d1160b11-f17c-45da-b941-bb9a9f25c3b7, 1000000000 ,,,2025-11-08T14:08:27,init-script,2025-11-08T14:08:27,init-script
21867c1a-fe77-49c5-8160-d0f4f2fa5e20,a593eda3-55c2-4196-9111-47cf897c5f60, 1000000000 ,,,2025-11-08T14:08:27,init-script,2025-11-08T14:08:27,init-script
b7746f01-fc00-4de1-b181-f55b40e089fd,bd36aa95-d79c-439e-8969-79be051d60b9, 1000000000 ,,,2025-11-08T14:08:27,init-script,2025-11-08T14:08:27,init-script
4d9de9cc-0cdb-4984-8bdd-6a3a567babf5,3edc31bb-c64c-4fcc-90eb-f284cbd8c5c3, 1000000000 ,,,2025-11-08T14:08:27,init-script,2025-11-08T14:08:27,init-script
684daf7e-bf32-426e-a15d-a4c81252e6ec,ff25b8e7-122c-4165-b830-58f692fcf9e9, 1000000000 ,,,2025-11-08T14:08:27,init-script,2025-11-08T14:08:27,init-script
2d0afd8a-3f31-4373-a5c2-18d86e25a264,3bd76e92-d32b-4e90-b807-3ad8a40483b7, 1000000000 ,,,2025-11-08T14:08:27,init-script,2025-11-08T14:08:27,init-script
0a6ea58a-4e40-4f3b-bb78-7a54e24c1658,2ef67dd6-7c93-4b48-bf57-56aeae1affab, 1000000000 ,,,2025-11-08T14:08:27,init-script,2025-11-08T14:08:27,init-script
af064838-d3e5-4977-ab6b-09184bd0f34b,49fe88f7-01e0-47ba-97a1-2e173e334e1a, 1000000000 ,,,2025-11-08T14:08:27,init-script,2025-11-08T14:08:27,init-script
625d41fc-168c-4cd6-8d32-aa25423d2322,f70ab293-cc0c-49cd-a0d5-88247b0a42ba, 1000000000 ,,,2025-11-08T14:08:27,init-script,2025-11-08T14:08:27,init-script
d86d1847-d71b-470b-aca3-9bf61a4c0969,fbab30c1-effc-41fc-8f68-c296d1f5ac25, 1000000000 ,,,2025-11-08T14:08:27,init-script,2025-11-08T14:08:27,init-script
e81eb915-f3c4-4b72-9700-6eb7e9f13386,aaa3b69d-4218-4028-8c88-00532b9d5009, 1000000000 ,,,2025-11-08T14:08:27,init-script,2025-11-08T14:08:27,init-script
bcecbf98-11f4-4a52-9ea2-b02d0f3e4a02,feb07e87-b06f-4da8-9185-8521451c0907, 1000000000 ,,,2025-11-08T14:08:27,init-script,2025-11-08T14:08:27,init-script
5e5232f6-8d99-4000-88ce-02ec5656329e,7737023d-a934-4a45-b96e-03742de372c6, 1000000000 ,,,2025-11-08T14:08:27,init-script,2025-11-08T14:08:27,init-script
5248d6f4-fef6-47a4-9b69-1967c5f001d8,06f72c5c-1f46-40dd-8994-c5187db7b12b, 1000000000 ,,,2025-11-08T14:08:27,init-script,2025-11-08T14:08:27,init-script
70ce2173-89a1-472b-aaa0-f481faf2ef92,e20a5dcf-250b-411a-9222-af9b4f8885e6, 1000000000 ,,,2025-11-08T14:08:27,init-script,2025-11-08T14:08:27,init-script
2d8dffbc-32e1-4758-bfe1-8273e2f9672e,a409eba9-9ae2-49df-bee3-9b14356efd69, 1000000000 ,,,2025-11-08T14:08:27,init-script,2025-11-08T14:08:27,init-script
4494c1f9-08d3-49f7-a228-8e0ae039342a,add1941b-14c0-4a10-8fd5-6da6bf99ffd4, 1000000000 ,,,2025-11-08T14:08:27,init-script,2025-11-08T14:08:27,init-script
02cc07f7-5ddc-4b9d-a95c-b0a062117947,5514b2ff-9cc0-49e3-9ff9-658a0344d180, 1000000000 ,,,2025-11-08T14:08:27,init-script,2025-11-08T14:08:27,init-script
4c4dd6fb-63ec-45fe-b4f0-42d4f8f6dd86,44e735c6-dc63-4d57-b915-cd734429099b, 1000000000 ,,,2025-11-08T14:08:27,init-script,2025-11-08T14:08:27,init-script
384deb25-099b-4e46-b228-3e911245da8e,c65aa699-49d6-4f63-b44a-a4cec53c5cb4, 1000000000 ,,,2025-11-08T14:08:27,init-script,2025-11-08T14:08:27,init-script
93e6aebb-05d5-4fa1-8a27-4770f28e6c39,b50d941a-14ea-47ed-b016-6abd33b4860f, 1000000000 ,,,2025-11-08T14:08:27,init-script,2025-11-08T14:08:27,init-script
5788c1ec-c9ca-4240-aefc-fd53f11e4011,90ec5aaa-1301-4a06-8e87-5a0f846a37c1, 1000000000 ,,,2025-11-08T14:08:27,init-script,2025-11-08T14:08:27,init-script
70fcb57b-81f5-4040-8087-0363030b4fbe,f33f9e6e-64fc-49fe-85eb-ea13c593817a, 1000000000 ,,,2025-11-08T14:08:27,init-script,2025-11-08T14:08:27,init-script
194816fc-a803-4b25-b0b3-56098c87e593,8f311a34-7c24-4453-bb42-8290c3de6af7, 1000000000 ,,,2025-11-08T14:08:27,init-script,2025-11-08T14:08:27,init-script
734a379e-1f4a-4838-a0e2-c24bde7c4e5f,0de317d5-c8de-4926-8612-4ba23e802689, 1000000000 ,,,2025-11-08T14:08:27,init-script,2025-11-08T14:08:27,init-script
9f458397-c36a-4324-a06e-c4e903c4c61b,2a84870c-1dfa-4e0b-8964-a976cf037a41, 1000000000 ,,,2025-11-08T14:08:27,init-script,2025-11-08T14:08:27,init-script
951f46f8-ecea-4d3f-9bec-d6fb15888b2c,9aa6cfea-6ba0-42af-a239-ab72eccb7464, 1000000000 ,,,2025-11-08T14:08:27,init-script,2025-11-08T14:08:27,init-script
c4c3dd70-18ee-494b-810e-6f9e37458546,e2503ea5-f0bb-4502-a6fd-c8f4545cdace, 1000000000 ,,,2025-11-08T14:08:27,init-script,2025-11-08T14:08:27,init-script
85529451-dbbb-4f48-9a4e-63853ec46668,3f750eeb-bd3c-49e0-82df-8dc710539b4e, 1000000000 ,,,2025-11-08T14:08:27,init-script,2025-11-08T14:08:27,init-script
36b83d59-b103-47a7-855d-8037564a6036,9b2c47a5-c58d-4b77-bf31-5efc5740d5e5, 1000000000 ,,,2025-11-08T14:08:27,init-script,2025-11-08T14:08:27,init-script
27b689ac-a894-4dc4-a7b2-d35bc6fda20c,45873ab2-05d2-4d90-aff8-ce80cf56aa7c, 1000000000 ,,,2025-11-08T14:08:27,init-script,2025-11-08T14:08:27,init-script
85947a77-825a-4dcb-83bb-102803ba4354,d40e61f2-bb4b-460b-bc74-4c913db860bc, 1000000000 ,,,2025-11-08T14:08:27,init-script,2025-11-08T14:08:27,init-script
c267170a-3d25-4876-8189-d5686a83ec41,523bbe44-1dd8-4e47-9bc4-6e88b8631eca, 1000000000 ,,,2025-11-08T14:08:27,init-script,2025-11-08T14:08:27,init-script
3702611d-aa3d-410a-8e8c-c48c62bf5c63,e6952de9-e165-4710-8171-4dbea1e69c2f, 1000000000 ,,,2025-11-08T14:08:27,init-script,2025-11-08T14:08:27,init-script
af5d3a3d-4a32-48b2-8df7-0bbea5143789,53ce0fd1-9da8-4fb9-b96e-ee33c4f45043, 1000000000 ,,,2025-11-08T14:08:27,init-script,2025-11-08T14:08:27,init-script
bbe8db08-9eae-47cc-bec5-a0e50c97c86e,fc8e73ca-edf6-4fc4-90a2-d0714aee550d, 1000000000 ,,,2025-11-08T14:08:27,init-script,2025-11-08T14:08:27,init-script
b922f5e5-91d7-45d5-9cce-29baa3b10ca9,1f413bf4-8109-431a-8e29-bf53118b3275, 1000000000 ,,,2025-11-08T14:08:27,init-script,2025-11-08T14:08:27,init-script
cd0b7b1a-148b-4e9a-8c41-a9c9c66479f4,c9ea251d-0791-418f-af3f-c4c974bfec97, 1000000000 ,,,2025-11-08T14:08:27,init-script,2025-11-08T14:08:27,init-script
d6c2cc04-6008-42e6-bae4-b965e1fe9241,9e43f287-75e4-4aac-9880-3ff1bb9a1461, 1000000000 ,,,2025-11-08T14:08:27,init-script,2025-11-08T14:08:27,init-script
82410ad4-7394-4c27-ade3-31b56189adcc,3be752db-e3aa-4814-8d62-2c234e4ad678, 1000000000 ,,,2025-11-08T14:08:27,init-script,2025-11-08T14:08:27,init-script
dd57d9e5-b64b-41e7-8a11-1e5dfaec9825,c3114c0d-7aed-4abc-b311-6fd4c7ea0f10, 1000000000 ,,,2025-11-08T14:08:27,init-script,2025-11-08T14:08:27,init-script
75b98b3a-4bf8-4257-85e5-acb4ba8ed275,daa0427b-1708-4c1f-8203-36fbb5c27f57, 1000000000 ,,,2025-11-08T14:08:27,init-script,2025-11-08T14:08:27,init-script
7ef200aa-0004-4c49-b8fe-241f5608b500,cecc56be-46dc-4254-b800-a41b594ced82, 1000000000 ,,,2025-11-08T14:08:27,init-script,2025-11-08T14:08:27,init-script
7bd9f92a-dd0a-452f-8823-dce842e84d09,496ca1e0-f33d-406e-9fe7-9eb37f2b6cc8, 1000000000 ,,,2025-11-08T14:08:27,init-script,2025-11-08T14:08:27,init-script
7324fb69-260e-46d3-95cf-4076608aaa87,cd3b23ee-6c86-468a-8fd4-08d26754ed48, 1000000000 ,,,2025-11-08T14:08:27,init-script,2025-11-08T14:08:27,init-script
f75f809d-747e-4cac-866f-e3ace681da7b,c6408424-5245-404f-b368-c5c595ed9307, 1000000000 ,,,2025-11-08T14:08:27,init-script,2025-11-08T14:08:27,init-script
0dcefe93-ca43-431d-b76a-316d47c43455,21b90780-5a7f-4482-89cc-7929264193cd, 1000000000 ,,,2025-11-08T14:08:27,init-script,2025-11-08T14:08:27,init-script
bbe8d0f1-1534-4bd9-87e4-edcbfdece5a3,a10d5bc0-fff8-440c-a577-12f881fbf9b2, 1000000000 ,,,2025-11-08T14:08:27,init-script,2025-11-08T14:08:27,init-script
7da4e8ac-aeba-4b4d-9ff5-6ab4697c4ebb,d59ae5bb-cee9-4cc3-b1a4-f47feb10b271, 1000000000 ,,,2025-11-08T14:08:27,init-script,2025-11-08T14:08:27,init-script
32e5f40b-e54f-4e78-b457-1d1d132d3a97,9dcb2381-d048-43e1-a405-0dd15be8711a, 1000000000 ,,,2025-11-08T14:08:27,init-script,2025-11-08T14:08:27,init-script
8f7cf711-7ca1-4019-bd1b-801cdc501b5b,e024456a-5e0f-4f94-a6fc-53f5c886d945, 1000000000 ,,,2025-11-08T14:08:27,init-script,2025-11-08T14:08:27,init-script
5f0efe0d-1cae-4b14-a39b-fe29fae8377f,1ed1f776-df8d-4cff-b9b7-01531cab2f27, 1000000000 ,,,2025-11-08T14:08:27,init-script,2025-11-08T14:08:27,init-script
756abb7d-feaa-41fb-ac2c-63a69ec5f9ce,1df5cfb8-721e-412c-8245-48bf8b08568a, 1000000000 ,,,2025-11-08T14:08:27,init-script,2025-11-08T14:08:27,init-script
b35e5ec5-cc69-492b-942d-a5e8000be60f,dd0f8db9-faeb-4c59-9b5b-480505895cad, 1000000000 ,,,2025-11-08T14:08:27,init-script,2025-11-08T14:08:27,init-script
c7d5282f-9be6-4019-9abb-bc152e4cae8a,3bcf3c2e-c63d-4cea-8fa1-052638060d26, 1000000000 ,,,2025-11-08T14:08:27,init-script,2025-11-08T14:08:27,init-script
57bf40b6-b168-4ef3-9726-0e2f44e06e90,d3f12375-3faa-4ad1-978c-f5b6345a5939, 1000000000 ,,,2025-11-08T14:08:27,init-script,2025-11-08T14:08:27,init-script
011919f6-a0ab-46ee-b2ab-f381832e71f7,259b2226-328b-4786-bb63-57cd6c1ab0e1, 1000000000 ,,,2025-11-08T14:08:27,init-script,2025-11-08T14:08:27,init-script
c993d781-9443-4a00-afc2-e88f7f25dd91,9197f753-8efb-45e6-a120-cc365bcc5cce, 1000000000 ,,,2025-11-08T14:08:27,init-script,2025-11-08T14:08:27,init-script
b51f057d-817a-49cd-ae28-2e55f6042adc,1dc54319-4036-4fe7-b084-751274014abd, 1000000000 ,,,2025-11-08T14:08:27,init-script,2025-11-08T14:08:27,init-script
3590e3e2-1459-4a86-966d-cdef6dd1c212,d2427b40-a627-4f7b-819a-898632b8e989, 1000000000 ,,,2025-11-08T14:08:27,init-script,2025-11-08T14:08:27,init-script
7d2ab797-671f-45bf-8e71-436d12bf26b2,bb0e3363-d6ec-4bcb-8c20-8b56309f67ee, 1000000000 ,,,2025-11-08T14:08:27,init-script,2025-11-08T14:08:27,init-script
a38b5964-53d8-4bd8-a3be-f981cf3a67b4,168092cf-c8bc-419a-a94e-b5b8bd4b687e, 1000000000 ,,,2025-11-08T14:08:27,init-script,2025-11-08T14:08:27,init-script
1fd08717-b559-419e-981c-f7133b2ac956,e1f733ec-9b11-4ed0-9174-c342a70d653b, 1000000000 ,,,2025-11-08T14:08:27,init-script,2025-11-08T14:08:27,init-script
b9901397-e531-444a-ab55-9a9353a589bb,1ef93f08-16a3-4785-a7b8-c0bb8d101695, 1000000000 ,,,2025-11-08T14:08:27,init-script,2025-11-08T14:08:27,init-script
b9ebec8b-168e-422d-bde4-b00d45b360e4,71d68915-ab8d-494c-b652-1c5b0da6c85b, 1000000000 ,,,2025-11-08T14:08:27,init-script,2025-11-08T14:08:27,init-script
942b9fcf-df15-477c-9832-d5f650b55ae6,df704b65-dfef-4508-b2df-477d7a7954a1, 1000000000 ,,,2025-11-08T14:08:27,init-script,2025-11-08T14:08:27,init-script
7e83a419-f76f-4247-a4eb-da71de192f4b,cb7da803-f3e0-4770-b726-102b862544c1, 1000000000 ,,,2025-11-08T14:08:27,init-script,2025-11-08T14:08:27,init-script
119e61e6-088f-4970-adad-40393654febe,0026757f-6d43-4921-ac44-069808e09a9b, 1000000000 ,,,2025-11-08T14:08:27,init-script,2025-11-08T14:08:27,init-script
c063264c-2ec5-437f-a98d-246e4c2a7b1a,acd408e8-03d4-4e43-956f-a89dbe220477, 1000000000 ,,,2025-11-08T14:08:27,init-script,2025-11-08T14:08:27,init-script
27c42c85-2a14-4959-87f3-3000acee75f4,de72ebcd-a7d8-40e3-ac5a-a5716c063d22, 1000000000 ,,,2025-11-08T14:08:27,init-script,2025-11-08T14:08:27,init-script
bf89b090-b2e7-42f6-a56e-5005b1270b67,41e467af-8f6d-453a-8b8c-bddd8c538906, 1000000000 ,,,2025-11-08T14:08:27,init-script,2025-11-08T14:08:27,init-script
7d360d51-9b0c-4746-8854-df2b3b7d8913,423bc8d9-7fda-4569-919e-d4408b3e965e, 1000000000 ,,,2025-11-08T14:08:27,init-script,2025-11-08T14:08:27,init-script
31c7910f-30d1-4237-8c1a-d147b1b51971,6df67e6a-f2a3-4636-8817-eb661c1412e8, 1000000000 ,,,2025-11-08T14:08:27,init-script,2025-11-08T14:08:27,init-script
39dc7e9a-be88-4ef7-ad1f-2ea43a630f06,61a58bd4-7f42-4988-90cb-84a334f8c1db, 1000000000 ,,,2025-11-08T14:08:27,init-script,2025-11-08T14:08:27,init-script
806dd620-b768-4153-916c-c4beed37ea6e,5b102e81-4267-4efe-8411-c520bb9e8cc9, 1000000000 ,,,2025-11-08T14:08:27,init-script,2025-11-08T14:08:27,init-script
bab79101-a998-4d34-a161-11af06ed1926,78055754-102d-449d-9572-519165f0c60c, 1000000000 ,,,2025-11-08T14:08:27,init-script,2025-11-08T14:08:27,init-script
f3f15367-fb9c-4436-a5ee-c7d7bd69db56,0a0db74c-a33b-4366-80c5-daccd043e1a7, 1000000000 ,,,2025-11-08T14:08:27,init-script,2025-11-08T14:08:27,init-script
3d6eeb1a-da98-4d47-9343-a4755488bbf3,0169fda0-8e4d-472e-8973-5849cbffa0c0, 1000000000 ,,,2025-11-08T14:08:27,init-script,2025-11-08T14:08:27,init-script
395c5c84-41f4-4433-8342-dd1ceb77f920,43ccaa38-0a42-4fea-b406-960829159eb2, 1000000000 ,,,2025-11-08T14:08:27,init-script,2025-11-08T14:08:27,init-script
248fb3fa-1007-4231-821d-956d1910e3bb,3e04d120-9863-415f-a96c-b71bd8873ba2, 1000000000 ,,,2025-11-08T14:08:27,init-script,2025-11-08T14:08:27,init-script
a79a96fd-2225-499a-8551-57a6da692f4c,a4dcb8c3-3ca4-45ef-afe6-1811a8e28b8a, 1000000000 ,,,2025-11-08T14:08:27,init-script,2025-11-08T14:08:27,init-script
8ff30cd3-84be-4ffa-b729-6f4380713343,7204679c-d96c-4583-9c81-2d11ec6d4f3e, 1000000000 ,,,2025-11-08T14:08:27,init-script,2025-11-08T14:08:27,init-script
28cebbb9-be48-4acc-b026-f7054c69a7d0,73c5a6b2-d6d1-4478-8949-e0e04382c0f4, 1000000000 ,,,2025-11-08T14:08:27,init-script,2025-11-08T14:08:27,init-script
b7c8855b-8b81-4a9d-987a-254bd5575bdb,f5d9b8e9-0215-4b4b-b085-0875cab1ad64, 1000000000 ,,,2025-11-08T14:08:27,init-script,2025-11-08T14:08:27,init-script
edf04068-0197-4e89-aecf-075e36cbcf64,6d03a284-e26e-4644-9e48-3e70e33c9b14, 1000000000 ,,,2025-11-08T14:08:27,init-script,2025-11-08T14:08:27,init-script
a59f6ad8-0dc1-4b3f-bdb8-a036b6d4dd1a,fc8ab0cc-6aa6-4e62-b37b-438835c30ad4, 1000000000 ,,,2025-11-08T14:08:27,init-script,2025-11-08T14:08:27,init-script
e1ac6bd1-8d3e-4716-8d12-619f661240cb,c549284b-f076-4c50-84f6-6bedb977ce5b, 1000000000 ,,,2025-11-08T14:08:27,init-script,2025-11-08T14:08:27,init-script
16d2d31c-c50f-49ab-8f8f-6c89e2bb548e,9c618a97-7d63-42db-9192-215ee3740138, 1000000000 ,,,2025-11-08T14:08:27,init-script,2025-11-08T14:08:27,init-script
a00eef3c-a57a-4589-b974-36d4c03100b8,5126daf3-56ed-434f-88e5-a05079118568, 1000000000 ,,,2025-11-08T14:08:27,init-script,2025-11-08T14:08:27,init-script
2f4bb1c5-40a8-4c57-b54d-f1fe3f8e23ca,27a23b4c-6993-4025-b8e9-4c213e4cdc83, 1000000000 ,,,2025-11-08T14:08:27,init-script,2025-11-08T14:08:27,init-script
2de3254a-fbf5-4371-bfdb-67fd0166e72d,591b9eda-2010-4b3e-b02e-674987ad261e, 1000000000 ,,,2025-11-08T14:08:27,init-script,2025-11-08T14:08:27,init-script
715817e3-ce37-4926-b46a-284a736e861a,9da99542-86d5-4ab4-bc45-27a4f6f3908d, 1000000000 ,,,2025-11-08T14:08:27,init-script,2025-11-08T14:08:27,init-script
d5d4d61a-8373-48e3-b600-ed90b4048f59,b6fd4561-b1a1-4541-92d9-c4df25b7684b, 1000000000 ,,,2025-11-08T14:08:27,init-script,2025-11-08T14:08:27,init-script
fa0f8c5b-e273-4073-a933-3da1c60e75cd,b26d0351-a782-4ceb-9bc1-614bb183328f, 1000000000 ,,,2025-11-08T14:08:27,init-script,2025-11-08T14:08:27,init-script
a50478ed-5b83-49c3-b00c-35adb38f1099,f5e598ff-25dc-46e5-9c34-bd201bdd09b4, 1000000000 ,,,2025-11-08T14:08:27,init-script,2025-11-08T14:08:27,init-script
7cc6928b-3c48-4bb8-8adc-69641f86cb2d,f9d3ebf4-b59a-4b71-a6be-1226d9a9489e, 1000000000 ,,,2025-11-08T14:08:27,init-script,2025-11-08T14:08:27,init-script
9fb58ad2-b05b-48fc-91cc-00f6e15586b6,aa9be057-b2f4-478a-90e7-58dc757ac701, 1000000000 ,,,2025-11-08T14:08:27,init-script,2025-11-08T14:08:27,init-script
ea432fc9-ee2e-4cee-9771-92d0f198d4ba,d161eaaf-fb7d-4bae-96ac-44dc30b7d113, 1000000000 ,,,2025-11-08T14:08:27,init-script,2025-11-08T14:08:27,init-script
92358fee-05be-46dd-91b3-328432b4fefd,bdddd256-a759-4e75-8569-45446724437f, 1000000000 ,,,2025-11-08T14:08:27,init-script,2025-11-08T14:08:27,init-script
e2acaa9f-5320-4aab-9d58-8d0696a6fef3,700cd41d-ec17-4a6b-8b73-105ac6a46e12, 1000000000 ,,,2025-11-08T14:08:27,init-script,2025-11-08T14:08:27,init-script
b2485b3a-1d2c-468b-90ea-8f7a21951493,4f1faa99-2faf-477d-a749-dc5b906c55f8, 1000000000 ,,,2025-11-08T14:08:27,init-script,2025-11-08T14:08:27,init-script
60e41dbd-df08-4043-afb7-5515f0470ba0,aabb5e5f-cae6-4a33-98d5-443b005d5c1f, 1000000000 ,,,2025-11-08T14:08:27,init-script,2025-11-08T14:08:27,init-script
32b04618-8b6e-42db-8a9c-239fa9e56d01,058ba351-7f4d-4b80-8da4-affb708ac1d4, 1000000000 ,,,2025-11-08T14:08:27,init-script,2025-11-08T14:08:27,init-script
ec6b31b8-9db9-419c-93ea-deddb3826fdf,82a13f75-b86d-4362-90bc-648d7428c954, 1000000000 ,,,2025-11-08T14:08:27,init-script,2025-11-08T14:08:27,init-script
cd060984-80eb-4dd6-a270-9efe2ca77815,d1911e21-b75c-4fdd-b7d8-deed98c621c3, 1000000000 ,,,2025-11-08T14:08:27,init-script,2025-11-08T14:08:27,init-script
dd49b5aa-427e-4bb1-b6e0-cd8487da9f51,f7ee937c-77a6-48f0-84a0-c1a0a888f06a, 1000000000 ,,,2025-11-08T14:08:27,init-script,2025-11-08T14:08:27,init-script
f6985b92-80b7-4445-a195-372967377083,fa1ddb91-7408-42f8-9b47-e3121e544f8c, 1000000000 ,,,2025-11-08T14:08:27,init-script,2025-11-08T14:08:27,init-script
f4a3163d-dc10-48cd-95d4-9706c2b77838,5910b2fb-74f2-4de6-b8b7-38cca53358db, 1000000000 ,,,2025-11-08T14:08:27,init-script,2025-11-08T14:08:27,init-script
c5bc9751-43fd-4d1a-8dc9-edab01b84cbb,91baa11b-49c0-4961-bcdb-f83dc59e59fd, 1000000000 ,,,2025-11-08T14:08:27,init-script,2025-11-08T14:08:27,init-script
1fb9ad60-f203-4a7f-9ece-a613180d1096,1151cd0a-917e-4e5b-bc6e-7fe73c0a2a2e, 1000000000 ,,,2025-11-08T14:08:27,init-script,2025-11-08T14:08:27,init-script
f1753ccf-f3ef-4d6e-89b1-1c2f383dcc91,111b1867-c61e-4514-bb06-0c449e02df9d, 1000000000 ,,,2025-11-08T14:08:27,init-script,2025-11-08T14:08:27,init-script
21396e17-8a1c-4381-a880-e63d2d137257,fac251b2-e61d-44d7-a88b-669b7d5bd2ef, 1000000000 ,,,2025-11-08T14:08:27,init-script,2025-11-08T14:08:27,init-script
f8c9cf83-eacc-4a05-936c-7d6454f56016,7ec1e460-788e-4ee5-a02b-468032e0520e, 1000000000 ,,,2025-11-08T14:08:27,init-script,2025-11-08T14:08:27,init-script
bc0af7ce-ed8a-49d5-b4f1-a8a25624067e,00004bac-9009-42cd-863b-a5f9bb965a76, 1000000000 ,,,2025-11-08T14:08:27,init-script,2025-11-08T14:08:27,init-script
b28134db-a8cd-49e9-b964-2953a87e364d,a8f5aac0-d714-46d2-bf2e-7a2ee7239f1d, 1000000000 ,,,2025-11-08T14:08:27,init-script,2025-11-08T14:08:27,init-script
ecb364ac-94f1-43ea-bf2b-da4a4f23cd1c,217b72c7-7531-42d6-ba9b-ece2dd5ca31a, 1000000000 ,,,2025-11-08T14:08:27,init-script,2025-11-08T14:08:27,init-script
68dd622a-12a3-4839-b02c-905b98592a1c,dd2acfc2-cc45-468a-85b5-a2307f0999aa, 1000000000 ,,,2025-11-08T14:08:27,init-script,2025-11-08T14:08:27,init-script
45bb9ee4-3fd5-423f-85eb-74e527219c99,87fe113c-defd-4af6-ac99-470af72267ca, 1000000000 ,,,2025-11-08T14:08:27,init-script,2025-11-08T14:08:27,init-script
f02ff513-d956-4194-9750-2daac2488687,62810faf-d741-4500-a617-7f50bd5ea9de, 1000000000 ,,,2025-11-08T14:08:27,init-script,2025-11-08T14:08:27,init-script
02748b99-55b1-4bb3-ba3d-8868cbe6d8dd,e7fab075-e632-4b93-914f-2b2a95fa8ef6, 1000000000 ,,,2025-11-08T14:08:27,init-script,2025-11-08T14:08:27,init-script
05f52003-86af-427e-95f2-59146d35fe35,fda01ed7-0d72-43ce-a582-549a80447bb9, 1000000000 ,,,2025-11-08T14:08:27,init-script,2025-11-08T14:08:27,init-script
822cc0a1-a3f9-404b-92e4-09ab3621e017,41110aca-b9df-46bd-b379-998af94ae26a, 1000000000 ,,,2025-11-08T14:08:27,init-script,2025-11-08T14:08:27,init-script
a7db27ec-5ec4-4d03-8884-697acd3b338f,065fe04a-31b8-408a-a9ed-92df818b7be4, 1000000000 ,,,2025-11-08T14:08:27,init-script,2025-11-08T14:08:27,init-script
dbbec0a9-7487-47b0-bbd9-68c5407e75a4,ee0f7fe3-3240-4049-8306-760cc8771893, 1000000000 ,,,2025-11-08T14:08:27,init-script,2025-11-08T14:08:27,init-script
d56c6c45-9f4c-4bc8-962b-8f0689c3568c,70fcb6d7-08fe-4c5c-ad09-3a2c863e39c7, 1000000000 ,,,2025-11-08T14:08:27,init-script,2025-11-08T14:08:27,init-script
5afe877c-a822-4440-9e16-8fc8d9f19986,b8ed30e8-db95-4e01-8ac3-19fe31d9fbbf, 1000000000 ,,,2025-11-08T14:08:27,init-script,2025-11-08T14:08:27,init-script
66f6b780-e662-4518-b3a2-d17448ec97e3,19e225da-f297-45e1-9d67-d91e79397df3, 1000000000 ,,,2025-11-08T14:08:27,init-script,2025-11-08T14:08:27,init-script
dd9fb748-7d0c-443d-8f39-d65cd4974397,56326842-3cc4-451f-bdb0-c7880aaa2b6e, 1000000000 ,,,2025-11-08T14:08:27,init-script,2025-11-08T14:08:27,init-script
13da5d62-da85-401e-af4e-51325fa2e9fb,6e40e0d7-a61f-47f7-8083-b54728c35646, 1000000000 ,,,2025-11-08T14:08:27,init-script,2025-11-08T14:08:27,init-script
af4d3fac-6087-496c-8e8b-985f32e438de,19a2201a-8fbe-4e55-95b9-82183ab79b2a, 1000000000 ,,,2025-11-08T14:08:27,init-script,2025-11-08T14:08:27,init-script
3c90ad38-08db-40a8-a286-4f87b3c37178,c7973dbf-1053-427f-bf62-2936d7337bff, 1000000000 ,,,2025-11-08T14:08:27,init-script,2025-11-08T14:08:27,init-script
532fecf3-0749-42b4-89aa-8d08ae7138d4,3d576653-1dee-4ba9-b77f-f52e0e9acc9d, 1000000000 ,,,2025-11-08T14:08:27,init-script,2025-11-08T14:08:27,init-script
acdff1e6-f92f-4e68-b329-460505684538,1fa3d8ae-c30c-48f7-aaa8-75004ea0642d, 1000000000 ,,,2025-11-08T14:08:27,init-script,2025-11-08T14:08:27,init-script
818fa8b6-71cf-4e88-9825-4a9c2940677e,6273d27a-8442-4fe6-8b5e-ed7c5e870594, 1000000000 ,,,2025-11-08T14:08:27,init-script,2025-11-08T14:08:27,init-script
e230161a-6240-4601-b36f-e698c392abfd,2253d590-31a7-4e3e-9d1d-f47389b49dcb, 1000000000 ,,,2025-11-08T14:08:27,init-script,2025-11-08T14:08:27,init-script
e7d44dfc-30a8-44f1-98cf-22c8f33e1318,1f17bfc9-068d-43b7-b154-d22105ebd4c1, 1000000000 ,,,2025-11-08T14:08:27,init-script,2025-11-08T14:08:27,init-script
d774aaee-a4d8-4671-a9b2-db1a2cc4fa84,d6f86969-c3a0-4350-8dbc-3d3d7dd65b38, 1000000000 ,,,2025-11-08T14:08:27,init-script,2025-11-08T14:08:27,init-script
273aba5a-ff87-4569-ba69-992c1150d361,c075e8a9-7c54-4aa4-830a-0962ca7a93e0, 1000000000 ,,,2025-11-08T14:08:27,init-script,2025-11-08T14:08:27,init-script
0befe99b-42e4-417f-92f4-b0796dcdb744,2444c010-3265-452f-9902-0270a245c91c, 1000000000 ,,,2025-11-08T14:08:27,init-script,2025-11-08T14:08:27,init-script
1d0e9379-a9f4-4b6f-880e-adcc3c0fc0fc,33cb5007-acbc-4920-8977-94791f865de5, 1000000000 ,,,2025-11-08T14:08:27,init-script,2025-11-08T14:08:27,init-script
b38873d2-0a20-4a3e-8835-d00e4b87851a,ace8f110-dd9d-4b54-8b09-f32a6e626a68, 1000000000 ,,,2025-11-08T14:08:27,init-script,2025-11-08T14:08:27,init-script
b49c18ea-a8f6-4f01-8883-6ec864a1cffb,738b27d0-77aa-4883-917d-9d5e3efa0c49, 1000000000 ,,,2025-11-08T14:08:27,init-script,2025-11-08T14:08:27,init-script
7d183802-cacb-420b-b6d4-778c00339f8d,2f3f710a-32e3-4bd3-bdcd-fb631a97ceb3, 1000000000 ,,,2025-11-08T14:08:27,init-script,2025-11-08T14:08:27,init-script
890c3b71-fa50-455d-b679-b6397fda1230,6058f62d-58ff-44fc-8717-8d150c38ee1f, 1000000000 ,,,2025-11-08T14:08:27,init-script,2025-11-08T14:08:27,init-script
fd00010a-bc9d-4db8-8f46-f1ebef87646d,63adfe6c-513e-4db9-b011-9bf37340ba6f, 1000000000 ,,,2025-11-08T14:08:27,init-script,2025-11-08T14:08:27,init-script
6cc37517-44e1-4dfd-836f-79fd48f5af08,b035b6a6-7e0d-4df4-96d3-4ab63abbe197, 1000000000 ,,,2025-11-08T14:08:27,init-script,2025-11-08T14:08:27,init-script
892dab06-19fe-4e6f-ba74-b4c64536b381,a9d39d55-acaa-4cb0-914a-7a3222b91e55, 1000000000 ,,,2025-11-08T14:08:27,init-script,2025-11-08T14:08:27,init-script
ca12fa3b-0247-4632-85d0-0e27fc7878db,4dd1ebcb-c9e5-4dd6-9795-4becd399809e, 1000000000 ,,,2025-11-08T14:08:27,init-script,2025-11-08T14:08:27,init-script
abfc63ac-b9ba-4693-a9da-6707080be315,5440bbea-4cc8-459e-83fe-fec497ec5187, 1000000000 ,,,2025-11-08T14:08:27,init-script,2025-11-08T14:08:27,init-script
4126e216-4d84-40f7-ac24-e867d6a06512,68d3664d-037d-431e-a0d3-1cd90d79aa74, 1000000000 ,,,2025-11-08T14:08:27,init-script,2025-11-08T14:08:27,init-script
a1cd1460-33cb-4788-a846-4da95c7564e7,3afaeebf-d3c7-4706-a5bf-2a357c42c264, 1000000000 ,,,2025-11-08T14:08:27,init-script,2025-11-08T14:08:27,init-script
42c59de4-c040-4fa5-b726-89c756eccfba,53e2ade4-0b72-4737-82e1-bc87b590cbd1, 1000000000 ,,,2025-11-08T14:08:27,init-script,2025-11-08T14:08:27,init-script
1eda50aa-8b86-4c6a-bfcf-b4c2098dfd3f,8678894c-5a68-42d5-8d4c-62fac822ee61, 1000000000 ,,,2025-11-08T14:08:27,init-script,2025-11-08T14:08:27,init-script
02c9e9f1-8967-474a-b407-ff3450d89e74,a6224675-9e36-4ec0-ab8e-6943288c05f7, 1000000000 ,,,2025-11-08T14:08:27,init-script,2025-11-08T14:08:27,init-script
5cec42fe-7cee-4930-911c-c80e87e3c1ce,aa43b670-b138-4cd1-8789-1457737a854e, 1000000000 ,,,2025-11-08T14:08:27,init-script,2025-11-08T14:08:27,init-script
e74578f4-c169-4a6d-a3be-f471dd8f5dfa,425d4709-1237-4ef2-9f57-9de5b243ab8b, 1000000000 ,,,2025-11-08T14:08:27,init-script,2025-11-08T14:08:27,init-script
f99d2719-a998-4015-a134-20fced29a676,6b759c7b-2061-4f6f-9769-b7abe719f0d5, 1000000000 ,,,2025-11-08T14:08:27,init-script,2025-11-08T14:08:27,init-script
ce2f7bb1-f9c7-4c37-a86b-e98be4a30191,18e8e62f-2014-4460-b8cc-be3797f7405d, 1000000000 ,,,2025-11-08T14:08:27,init-script,2025-11-08T14:08:27,init-script
eca01534-21ce-4092-a7e0-94aa4fd1bee4,373b7d44-ae5d-40d7-85a2-70a5819c13e3, 1000000000 ,,,2025-11-08T14:08:27,init-script,2025-11-08T14:08:27,init-script
8e074e61-713a-4107-aabd-e4ea4c7c2108,e17ebbee-1b33-478a-91cf-1e3af5f5def1, 1000000000 ,,,2025-11-08T14:08:27,init-script,2025-11-08T14:08:27,init-script
3a8466b7-4a95-4f56-a989-96e8efdf4e22,3ee2fd42-a508-4263-8c6c-94aac6ff6053, 1000000000 ,,,2025-11-08T14:08:27,init-script,2025-11-08T14:08:27,init-script
4e537221-5702-4e17-a56b-55f9b4516954,c2607f3d-2549-4363-b90e-35a7657553e9, 1000000000 ,,,2025-11-08T14:08:27,init-script,2025-11-08T14:08:27,init-script
eaa17eb2-630f-45bd-bd51-afaddb314993,7151de06-1bb3-49a5-96c5-d0d32a1e82db, 1000000000 ,,,2025-11-08T14:08:27,init-script,2025-11-08T14:08:27,init-script
ab1de864-3269-481a-b234-f75f0d4fc971,24740b0b-c1a4-4e74-ac9c-36c413725853, 1000000000 ,,,2025-11-08T14:08:27,init-script,2025-11-08T14:08:27,init-script
6f1c55db-8309-48c5-8dac-55b3437eec8d,ee060fea-3f25-4e27-b94c-ac565c788772, 1000000000 ,,,2025-11-08T14:08:27,init-script,2025-11-08T14:08:27,init-script
46144933-8492-43b3-b03a-570a78a8aeb3,f9303036-e3f7-47ab-a78e-4111c3681283, 1000000000 ,,,2025-11-08T14:08:27,init-script,2025-11-08T14:08:27,init-script
147b3025-0245-4151-b853-b86a5425c485,b874534b-cc67-4e73-ad63-0ac1ff271533, 1000000000 ,,,2025-11-08T14:08:27,init-script,2025-11-08T14:08:27,init-script
80d5a3c0-0000-43b5-a5af-5d7f065b756e,8c91b64b-2c4b-4402-a390-e1f152432ea7, 1000000000 ,,,2025-11-08T14:08:27,init-script,2025-11-08T14:08:27,init-script
97539258-d8d6-48d7-a5b2-6ae19b6121da,5425a3af-42c7-4231-b4ae-833a58395a67, 1000000000 ,,,2025-11-08T14:08:27,init-script,2025-11-08T14:08:27,init-script
3f531588-6c4c-42f3-9c07-82c90b4de68a,be282313-6902-45e1-9e9a-657f8b3d2e7d, 1000000000 ,,,2025-11-08T14:08:27,init-script,2025-11-08T14:08:27,init-script
a97058d7-f27d-464a-9628-a76c448a0a55,276c4f5b-83f9-46c1-b31c-ce017e2ce96f, 1000000000 ,,,2025-11-08T14:08:27,init-script,2025-11-08T14:08:27,init-script
c5abb39d-2927-4167-834a-81443bb5472b,51b3a342-b187-4eb6-ba95-87d54830ec83, 1000000000 ,,,2025-11-08T14:08:27,init-script,2025-11-08T14:08:27,init-script
4119dffb-c4a0-4bb9-92a5-a1658b18ae6a,794c1de6-987f-48a6-9ff5-8a486cd50cdb, 1000000000 ,,,2025-11-08T14:08:27,init-script,2025-11-08T14:08:27,init-script
06d90cc7-34a9-4e32-9174-9be9a2c7ebea,d2d8712c-9d49-4720-bedb-df15d8e5deb3, 1000000000 ,,,2025-11-08T14:08:27,init-script,2025-11-08T14:08:27,init-script
6e6a903c-f406-4c28-b96c-247282e0cadd,1455f6d9-624d-47cf-babc-ea38a7494e1b, 1000000000 ,,,2025-11-08T14:08:27,init-script,2025-11-08T14:08:27,init-script
f2d3e1a5-c3c9-4de4-ad94-0c2f72b829bb,e2e15568-54e6-401d-86c6-8a76245dbc5e, 1000000000 ,,,2025-11-08T14:08:27,init-script,2025-11-08T14:08:27,init-script
1752ec21-6d67-4fcd-80c9-b4f8c23bd1ab,a2647ff0-da9e-4e6c-8cd2-ad249fc41001, 1000000000 ,,,2025-11-08T14:08:27,init-script,2025-11-08T14:08:27,init-script
002ce370-a53b-4486-8ab7-1cde06a9c67c,0dd80335-5d70-4433-80f5-b14cd6c73455, 1000000000 ,,,2025-11-08T14:08:27,init-script,2025-11-08T14:08:27,init-script
1705fd64-c364-44ed-80ee-6b4360b9cfc2,afc96fa9-398c-42e7-b947-d4a8fd2d1aa4, 1000000000 ,,,2025-11-08T14:08:27,init-script,2025-11-08T14:08:27,init-script
d1b84d81-2459-4992-b2ed-b0f4ae36ff0f,80540320-55f4-46c3-8816-d95d3af7aa1a, 1000000000 ,,,2025-11-08T14:08:27,init-script,2025-11-08T14:08:27,init-script
67dde91c-c855-43db-a09c-8b3ce9da57ad,3124eb07-1dab-4b61-9d1c-6057ee16c6de, 1000000000 ,,,2025-11-08T14:08:27,init-script,2025-11-08T14:08:27,init-script
b0649c4d-7fd1-4506-bb7e-557854d7a21e,b0dd201f-7342-4dee-8508-e006c0b8a9f1, 1000000000 ,,,2025-11-08T14:08:27,init-script,2025-11-08T14:08:27,init-script
4cc4b187-5f85-4344-9523-94624fcb948f,717c6edd-9705-4e1e-a865-ed2e60bc5731, 1000000000 ,,,2025-11-08T14:08:27,init-script,2025-11-08T14:08:27,init-script
5cdf0248-4801-480a-a64d-4a09aee4eb78,61be7451-d642-4eb2-a73e-ee1dc644d709, 1000000000 ,,,2025-11-08T14:08:27,init-script,2025-11-08T14:08:27,init-script
8a0e205a-448a-40b4-bd0e-105b36d62971,3e95185b-592c-4e75-8056-ffe774b3030e, 1000000000 ,,,2025-11-08T14:08:27,init-script,2025-11-08T14:08:27,init-script
9090eff3-8003-46be-b0cb-cce30e5f0f88,c2626961-05f1-47f8-9d02-5cb3b1ee8578, 1000000000 ,,,2025-11-08T14:08:27,init-script,2025-11-08T14:08:27,init-script
028e7fd8-c917-4768-9e43-f2c7535ad54a,053b2bbe-58eb-4db5-af77-0aea977ce468, 1000000000 ,,,2025-11-08T14:08:27,init-script,2025-11-08T14:08:27,init-script
a05a811c-d2ec-4abe-9a2b-c765538be158,008aa82f-a207-4e34-8303-be1a2279d907, 1000000000 ,,,2025-11-08T14:08:27,init-script,2025-11-08T14:08:27,init-script
76659fd0-0d64-43cb-808a-f939dc48afaf,5c15dec8-aecf-42f5-8f2b-b04eb98c0bf6, 1000000000 ,,,2025-11-08T14:08:27,init-script,2025-11-08T14:08:27,init-script
b0983293-f09a-4118-8c0d-4444791aec66,0800b86d-0597-472e-b17e-58d6601c5a7f, 1000000000 ,,,2025-11-08T14:08:27,init-script,2025-11-08T14:08:27,init-script
6d096e11-edce-4ee5-adfb-8c7fc95b23fa,5d5d5f15-7fb0-44ed-a7a4-99f901c33493, 1000000000 ,,,2025-11-08T14:08:27,init-script,2025-11-08T14:08:27,init-script
7e4e000d-602e-4c93-8625-a1915ddce89b,29faa04e-7aec-4851-aafe-7556bcc7a9b8, 1000000000 ,,,2025-11-08T14:08:27,init-script,2025-11-08T14:08:27,init-script
69780b0d-ea78-427d-aef5-e69462bff03c,2824c050-52b5-4f0f-80cf-03e1cfafc804, 1000000000 ,,,2025-11-08T14:08:27,init-script,2025-11-08T14:08:27,init-script
dfc3dfc9-9326-4272-af52-ae628fba8087,1c6f9a0d-4533-4bc6-8547-54a64645cb7e, 1000000000 ,,,2025-11-08T14:08:27,init-script,2025-11-08T14:08:27,init-script
65617f8e-d260-42a0-9d70-b0045e966372,fbdfb639-3519-4930-b93f-0b2707d4a96b, 1000000000 ,,,2025-11-08T14:08:27,init-script,2025-11-08T14:08:27,init-script
658e8793-e9d0-459b-bc51-e4ec20bc5053,232a7842-98d4-47b2-b402-8fe07adde60e, 1000000000 ,,,2025-11-08T14:08:27,init-script,2025-11-08T14:08:27,init-script
7ad447f6-96bb-454b-9c7f-cd031c3ae87a,84e5dfa9-80d1-4162-aaf6-32ee7369a8f4, 1000000000 ,,,2025-11-08T14:08:27,init-script,2025-11-08T14:08:27,init-script
93cb9784-d0ee-4ae5-9587-2247d93669e2,1862efa4-a59c-4c1e-863f-5f5e157bec4d, 1000000000 ,,,2025-11-08T14:08:27,init-script,2025-11-08T14:08:27,init-script
630e452e-a22f-4b04-b593-2b8dba46a843,f6867453-2e34-407b-a597-43470ebe915b, 1000000000 ,,,2025-11-08T14:08:27,init-script,2025-11-08T14:08:27,init-script
9629062b-c215-4333-9296-475a96973502,6e751aef-b15f-486b-87fc-b67773632182, 1000000000 ,,,2025-11-08T14:08:27,init-script,2025-11-08T14:08:27,init-script
b995edf0-ae8b-4178-82ca-a3eebe11e4a2,421fdfd5-1f23-4fef-863b-4379dd7ba5c3, 1000000000 ,,,2025-11-08T14:08:27,init-script,2025-11-08T14:08:27,init-script
1415ebbe-eac2-4f04-bac8-29f271fb955a,e52f7bf5-5c08-48ec-a5e6-f16fd76fd76e, 1000000000 ,,,2025-11-08T14:08:27,init-script,2025-11-08T14:08:27,init-script
08650d28-9a7e-476c-a771-2cd052d8aab2,02bd8cfa-d120-4f12-b57c-2a655eaed94b, 1000000000 ,,,2025-11-08T14:08:27,init-script,2025-11-08T14:08:27,init-script
42788cf5-3edb-446b-8377-b9caf1d390ef,ca16a021-c011-48df-a657-2361e0d2fe93, 1000000000 ,,,2025-11-08T14:08:27,init-script,2025-11-08T14:08:27,init-script
5fdd92b3-c346-4690-a400-b9380832c6fb,539579bb-911a-45a8-a271-6fad2bc61d2b, 1000000000 ,,,2025-11-08T14:08:27,init-script,2025-11-08T14:08:27,init-script
eb0ec355-de05-46d7-b77c-16dcd52d3124,cdb17c9f-5e64-499e-85db-2d34bfe0249b, 1000000000 ,,,2025-11-08T14:08:27,init-script,2025-11-08T14:08:27,init-script
3bb5c86b-1082-40d4-bc7b-e8f502e09d7c,ad387b38-3f34-47d3-8891-b51ab09b683a, 1000000000 ,,,2025-11-08T14:08:27,init-script,2025-11-08T14:08:27,init-script
71a00643-89e0-4298-9654-c049a2a21072,ebd35d32-b664-4616-96f1-c84c79dbcff4, 1000000000 ,,,2025-11-08T14:08:27,init-script,2025-11-08T14:08:27,init-script
6cb43e4b-a9fa-48a9-b653-8457be0253bc,963910f5-7035-40e7-b02d-80465837e411, 1000000000 ,,,2025-11-08T14:08:27,init-script,2025-11-08T14:08:27,init-script
5bd8b126-3339-46ca-96df-350dd9b61326,3a03386a-3e35-45bf-b14c-ee5bb4b51583, 1000000000 ,,,2025-11-08T14:08:27,init-script,2025-11-08T14:08:27,init-script
79860157-871f-4fbf-ac64-48505557720f,92976ac6-3594-41e4-96e8-51551f453a86, 1000000000 ,,,2025-11-08T14:08:27,init-script,2025-11-08T14:08:27,init-script
bdc3ace3-e402-4b5f-ac37-8aa07890c5e7,79d82bce-9926-4c8b-82bd-c21e3499d6da, 1000000000 ,,,2025-11-08T14:08:27,init-script,2025-11-08T14:08:27,init-script
d870e0cb-5982-4d57-ac19-693b8f563a62,3431e0f7-bcb5-4bcd-ba75-a68782c64b4e, 1000000000 ,,,2025-11-08T14:08:27,init-script,2025-11-08T14:08:27,init-script
248aa9cf-2dd0-4dfd-8d84-f1c67002b25c,caf77839-0b2e-40b9-91a3-a1963caaf4e5, 1000000000 ,,,2025-11-08T14:08:27,init-script,2025-11-08T14:08:27,init-script
a7d8b589-6735-4526-9a73-957dfaa7b41c,75cea098-58ad-43f8-86a1-458b64d8430d, 1000000000 ,,,2025-11-08T14:08:27,init-script,2025-11-08T14:08:27,init-script
364e8248-5def-4aea-b47e-6c526c24dd12,26926a82-11ef-4dce-b916-88ec767e11d3, 1000000000 ,,,2025-11-08T14:08:27,init-script,2025-11-08T14:08:27,init-script
c7835172-3ee4-407b-846a-fe44158e70de,405d83e1-06f2-4558-b6f7-b49aff3c5026, 1000000000 ,,,2025-11-08T14:08:27,init-script,2025-11-08T14:08:27,init-script
12011233-3888-4138-8ea5-e145d9513ad9,11803880-cf84-4549-ba9d-c8c10929791b, 1000000000 ,,,2025-11-08T14:08:27,init-script,2025-11-08T14:08:27,init-script
ba427cc8-46b8-42d6-9e7e-de3080380590,9d46cd73-1077-4652-8d60-f1720c0a2539, 1000000000 ,,,2025-11-08T14:08:27,init-script,2025-11-08T14:08:27,init-script
c920e61e-9cf6-47e3-94c0-d88a5f6a37db,5aebb8f6-cd65-4d5c-958a-e21ea78267cb, 1000000000 ,,,2025-11-08T14:08:27,init-script,2025-11-08T14:08:27,init-script
d0725a4e-5e8c-4adb-ad1b-803f5aa298f9,6120e46f-ac5b-4422-96e6-6a20cb77ba31, 1000000000 ,,,2025-11-08T14:08:27,init-script,2025-11-08T14:08:27,init-script
0963c901-d989-4370-a1a6-4935e6c9be0a,b397455a-8e6b-4046-946f-60ca078d67e6, 1000000000 ,,,2025-11-08T14:08:27,init-script,2025-11-08T14:08:27,init-script
66c080e4-36c1-47e6-a286-e79b64356c80,f9c1c1d8-f7f8-46a8-bb54-ac9e4dd67ab7, 1000000000 ,,,2025-11-08T14:08:27,init-script,2025-11-08T14:08:27,init-script
046702d0-8946-4320-93ca-24820fe1753c,cc098bda-81fd-4884-b1bd-4ce76386d80d, 1000000000 ,,,2025-11-08T14:08:27,init-script,2025-11-08T14:08:27,init-script
d1491890-b73c-426e-9a1c-545555fae347,e874de5e-1b78-4957-9803-a01433a3ad70, 1000000000 ,,,2025-11-08T14:08:27,init-script,2025-11-08T14:08:27,init-script
8ec0d28f-56ef-490e-8adc-d785a6900698,a4489595-0592-490c-b041-059ae8e01220, 1000000000 ,,,2025-11-08T14:08:27,init-script,2025-11-08T14:08:27,init-script
0320bf2c-f260-4e2f-bd00-177595d193f6,4b99d396-492d-4c82-b3cf-bedad81efef0, 1000000000 ,,,2025-11-08T14:08:27,init-script,2025-11-08T14:08:27,init-script
c884a06e-2f25-4097-944b-d5331489951f,9b3cfd40-5ef3-455c-a0a1-d6a33b2e1d39, 1000000000 ,,,2025-11-08T14:08:27,init-script,2025-11-08T14:08:27,init-script
7c6e757e-511e-4f48-8a3f-2af38b6b909b,c5f8ac1b-4d8d-4480-99b6-59370614cc07, 1000000000 ,,,2025-11-08T14:08:27,init-script,2025-11-08T14:08:27,init-script
7f786d13-90f6-43e2-bcc0-3bef2a12e75d,c8fc0a4a-c56c-4cd6-9007-fdd50ee7cbc4, 1000000000 ,,,2025-11-08T14:08:27,init-script,2025-11-08T14:08:27,init-script
0f306654-2e8a-40db-af55-8865e4214571,d01b85bb-a6ce-4767-bb43-e63e322149a6, 1000000000 ,,,2025-11-08T14:08:27,init-script,2025-11-08T14:08:27,init-script
ab59047b-87ff-4c58-b850-f5388d6a4189,0e77572b-4c7d-4a96-843a-4750dc2917cb, 1000000000 ,,,2025-11-08T14:08:27,init-script,2025-11-08T14:08:27,init-script
717146e8-ed8d-42e8-afc6-7003e28b6dd7,02e18c1e-cc3a-4671-b50a-694e823022d1, 1000000000 ,,,2025-11-08T14:08:27,init-script,2025-11-08T14:08:27,init-script
858db0a5-9ba4-44d8-94c0-a5c1077467dc,a81fced6-2995-410a-bbc8-74960603defb, 1000000000 ,,,2025-11-08T14:08:27,init-script,2025-11-08T14:08:27,init-script
0d707575-d1de-4992-b8e3-326358849d1e,a88c84dd-7de0-4e2e-b91f-a65dcf5102e0, 1000000000 ,,,2025-11-08T14:08:27,init-script,2025-11-08T14:08:27,init-script
83348331-9861-49cb-93b1-5acd92b39752,e08ddd3d-0a73-4c41-9f97-aa0d63b702ad, 1000000000 ,,,2025-11-08T14:08:27,init-script,2025-11-08T14:08:27,init-script
0b37d962-8aaa-4986-bb59-dffdfa25040d,be82cd2b-8fe9-4c2b-a686-d92bda67ac3d, 1000000000 ,,,2025-11-08T14:08:27,init-script,2025-11-08T14:08:27,init-script
dbf5cb68-92d8-425f-91d2-567220bfebb4,4366c940-b3e0-41c9-983d-ff074128b1ac, 1000000000 ,,,2025-11-08T14:08:27,init-script,2025-11-08T14:08:27,init-script
e843dcf1-3113-4249-920e-d7bd30b7f93c,eccf3db0-bb3d-4116-8b76-116d0764ca52, 1000000000 ,,,2025-11-08T14:08:27,init-script,2025-11-08T14:08:27,init-script
bb2ffca2-c4cb-4547-8bd4-bbcab68c7cd5,f8f17d46-a5f3-47b0-9e68-f4ff8c9ba2dd, 1000000000 ,,,2025-11-08T14:08:27,init-script,2025-11-08T14:08:27,init-script
ba1839dc-0fce-4046-8b98-3034d9873b09,1b730f7b-fc0e-4d3f-aea5-4d33ea340f14, 1000000000 ,,,2025-11-08T14:08:27,init-script,2025-11-08T14:08:27,init-script
292b044a-7130-43f1-9911-6fa8fce3af79,6aee7bec-b9cd-4708-9dc0-823ea7f2b503, 1000000000 ,,,2025-11-08T14:08:27,init-script,2025-11-08T14:08:27,init-script
26cc3970-4d57-479c-b987-89b17ddcef41,bb075f3e-9dba-468e-b5eb-20df22440c1e, 1000000000 ,,,2025-11-08T14:08:27,init-script,2025-11-08T14:08:27,init-script
17571c9a-7566-45ef-b896-8182a6903758,0280fc65-baeb-4f8b-9938-82c6a865145f, 1000000000 ,,,2025-11-08T14:08:27,init-script,2025-11-08T14:08:27,init-script
fa3055f2-92d7-4f81-9e28-80f010df13bf,003140f7-4d62-4b36-bc4a-99d8e9fdbe45, 1000000000 ,,,2025-11-08T14:08:27,init-script,2025-11-08T14:08:27,init-script
f2623bf8-1279-4ee9-9ca1-2eb00e243a2f,bdf1eec5-5cbb-460a-a7f0-6268f28ddbab, 1000000000 ,,,2025-11-08T14:08:27,init-script,2025-11-08T14:08:27,init-script
48753c71-ff15-4b67-be17-a84b46875c4e,154988ed-1a61-4cc3-8333-344b9dcb1f4d, 1000000000 ,,,2025-11-08T14:08:27,init-script,2025-11-08T14:08:27,init-script
38648f9a-bdf5-4d93-85ab-c320bb037dd3,3e4030ea-cd1d-42fe-96c6-5cbb31745076, 1000000000 ,,,2025-11-08T14:08:27,init-script,2025-11-08T14:08:27,init-script
6bcfafbc-3839-445f-8f07-a4e76ba90699,24a03fd9-d355-4538-be6b-60a8f3afacf8, 1000000000 ,,,2025-11-08T14:08:27,init-script,2025-11-08T14:08:27,init-script
d1e59fff-17e3-49e2-b922-8e222e3d3911,7abfe4c8-2b59-4d9c-a966-20abbfc99758, 1000000000 ,,,2025-11-08T14:08:27,init-script,2025-11-08T14:08:27,init-script
fd69be36-08f0-411b-b087-1479aa996fd9,66490258-c84f-438d-93bb-04fc42d45eb5, 1000000000 ,,,2025-11-08T14:08:27,init-script,2025-11-08T14:08:27,init-script
cc4e2d4d-22a6-4886-83c3-d37003450c01,a34d2e62-6fbc-437c-87ae-167d892fa0b3, 1000000000 ,,,2025-11-08T14:08:27,init-script,2025-11-08T14:08:27,init-script
037ec824-1ebf-4c66-b02e-138b6f658dad,155acce5-6ece-48d9-839b-f8c7404c9918, 1000000000 ,,,2025-11-08T14:08:27,init-script,2025-11-08T14:08:27,init-script
40e145c9-b2c4-4753-917a-2d6adf85654d,31f75dda-78e6-4cd7-863a-a903ff700647, 1000000000 ,,,2025-11-08T14:08:27,init-script,2025-11-08T14:08:27,init-script
345d733a-9c45-43cb-8ae1-4d37f73ecbef,0e824d00-ad7a-4bfe-9d57-f2ee08e4d246, 1000000000 ,,,2025-11-08T14:08:27,init-script,2025-11-08T14:08:27,init-script
1fbdbaa0-044e-4ce7-8e1b-4bc816fb4423,4ddbd9df-6eea-4fa5-9f1b-a5b1ffba2e74, 1000000000 ,,,2025-11-08T14:08:27,init-script,2025-11-08T14:08:27,init-script
9d8d9dd6-7c3e-442b-90b3-131ea0ad883f,19771a68-a83e-4074-8be7-e61d98ae58bd, 1000000000 ,,,2025-11-08T14:08:27,init-script,2025-11-08T14:08:27,init-script
5630359a-b159-4d51-a4a2-40b632f0a2c6,7363695d-a620-4b9b-a104-843363b5606a, 1000000000 ,,,2025-11-08T14:08:27,init-script,2025-11-08T14:08:27,init-script
aec00cb7-d7f3-4683-a6bc-84d8a71d0657,80a35a04-3f36-4a82-a547-bfe7df72500f, 1000000000 ,,,2025-11-08T14:08:27,init-script,2025-11-08T14:08:27,init-script
aaf30992-b455-4fbf-bad5-7a3cfc0bdba9,301255ed-c4c1-4ad8-ad15-637df6d9aa0f, 1000000000 ,,,2025-11-08T14:08:27,init-script,2025-11-08T14:08:27,init-script
7d4f4c3a-f1a7-47f1-9c31-cb565db9d42f,f1f992de-50ba-4cef-a288-729ca7698a75, 1000000000 ,,,2025-11-08T14:08:27,init-script,2025-11-08T14:08:27,init-script
08bef6b5-8019-4e8c-8d38-e945401becc2,bfeab4db-f510-4600-9e97-abd771f1b3b1, 1000000000 ,,,2025-11-08T14:08:27,init-script,2025-11-08T14:08:27,init-script
0eef70f0-a2c9-4c83-ab4f-4cc8425ca487,a950875c-d9e1-4c3c-b78c-61290e34fb25, 1000000000 ,,,2025-11-08T14:08:27,init-script,2025-11-08T14:08:27,init-script
3f4346a4-0117-4006-8a65-9109598a5869,e061349b-25c4-454d-86b3-097e624e0521, 1000000000 ,,,2025-11-08T14:08:27,init-script,2025-11-08T14:08:27,init-script
859f907e-842e-4adb-8512-9e8870a8793a,cf358cf5-cd96-4306-8d57-51a9c9261003, 1000000000 ,,,2025-11-08T14:08:27,init-script,2025-11-08T14:08:27,init-script
fd1d7747-4b91-4236-9b18-2290fc3c1bec,ca3adaf5-139e-4608-a84a-6b5b94e24782, 1000000000 ,,,2025-11-08T14:08:27,init-script,2025-11-08T14:08:27,init-script
b4f5854e-aa94-45aa-ac7c-257d2ce2ed10,f8bc02e0-47e1-4cd8-8cb8-b09f6eca56c1, 1000000000 ,,,2025-11-08T14:08:27,init-script,2025-11-08T14:08:27,init-script
fd975053-af42-4517-b4f8-8c28db107cc2,c911ae38-6cb4-4b62-9f98-0abef1fd7d62, 1000000000 ,,,2025-11-08T14:08:27,init-script,2025-11-08T14:08:27,init-script
126803f6-f7ae-4643-ad9e-10dd5eef092d,fcaef000-ed6c-4343-a18b-7016262f2fea, 1000000000 ,,,2025-11-08T14:08:27,init-script,2025-11-08T14:08:27,init-script
953093c0-dd80-4439-86db-507fc73f26b9,e13edfa9-578f-480f-bb5c-4faedbc60ec0, 1000000000 ,,,2025-11-08T14:08:27,init-script,2025-11-08T14:08:27,init-script
a9eb33c1-30b9-4678-9d7f-e492ea78d357,1df570f4-4f91-4726-b013-3ce5fc4d72b5, 1000000000 ,,,2025-11-08T14:08:27,init-script,2025-11-08T14:08:27,init-script
71e0e333-d245-47d4-8152-b71ce0405d8b,25f00b38-e95f-40eb-bd82-04ed9d5924ef, 1000000000 ,,,2025-11-08T14:08:27,init-script,2025-11-08T14:08:27,init-script
de318f56-0b39-4b91-88aa-aaeded8bc81c,72e3d7ac-7d82-45cc-86bb-f79b57aebf02, 1000000000 ,,,2025-11-08T14:08:27,init-script,2025-11-08T14:08:27,init-script
d684595a-9311-4afa-b634-74abe3f6cd61,ac87f868-274b-4e88-86dc-206aa889db71, 1000000000 ,,,2025-11-08T14:08:27,init-script,2025-11-08T14:08:27,init-script
b14bc709-8a6a-4fde-9f5d-33a00a31111d,a783c30f-605a-496d-b4e8-6bb508ac2f27, 1000000000 ,,,2025-11-08T14:08:27,init-script,2025-11-08T14:08:27,init-script
bff38736-efa7-4115-bcac-c2177dc5e915,01d0d2f4-852c-4075-b1d4-8a9b6f728c01, 1000000000 ,,,2025-11-08T14:08:27,init-script,2025-11-08T14:08:27,init-script
b052e15c-ef95-4136-9055-d1d6572dcbf8,031aba3e-79e1-4223-aa04-eaa48e3f8d90, 1000000000 ,,,2025-11-08T14:08:27,init-script,2025-11-08T14:08:27,init-script
ec2c81ad-bd72-401a-9f8a-b21cfa6b6831,ba336192-826b-4bb2-b21e-a09c840d18ab, 1000000000 ,,,2025-11-08T14:08:27,init-script,2025-11-08T14:08:27,init-script
f0565e04-5277-4bd5-a35a-83484f315135,446ac855-1d5d-457d-b02d-40d49e6efcbe, 1000000000 ,,,2025-11-08T14:08:27,init-script,2025-11-08T14:08:27,init-script
ff4dd541-d898-4a02-bcd5-8e7ae411022e,dbdcccac-b729-4d3b-8725-631bb3e791e9, 1000000000 ,,,2025-11-08T14:08:27,init-script,2025-11-08T14:08:27,init-script
25eae856-891d-41f7-8de2-b6889f097086,b5f0dc4b-9cc4-435d-b642-dafc7386abcb, 1000000000 ,,,2025-11-08T14:08:27,init-script,2025-11-08T14:08:27,init-script
c4dcb8e4-6fbb-437c-9f87-6d2480e6a8d9,68868338-c616-4a79-9eb1-940aac5f5701, 1000000000 ,,,2025-11-08T14:08:27,init-script,2025-11-08T14:08:27,init-script
59f8feaf-bb8f-41a4-8e75-6094e9394c7f,45782f68-410c-4ae1-bca0-73304f735aa3, 1000000000 ,,,2025-11-08T14:08:27,init-script,2025-11-08T14:08:27,init-script
a02a918f-ca66-4c29-a682-1c9381bf0c82,cf7027a0-fe54-4bbb-bfba-a407a53bec33, 1000000000 ,,,2025-11-08T14:08:27,init-script,2025-11-08T14:08:27,init-script
6a24213b-c0a4-4df5-b319-410d6126663c,03c53928-0a85-4806-992d-84f868aff333, 1000000000 ,,,2025-11-08T14:08:27,init-script,2025-11-08T14:08:27,init-script
3087e0f1-f5b9-451f-9b8d-86072b1a5b2c,d65c3669-d27c-468b-b872-f09a465c26ee, 1000000000 ,,,2025-11-08T14:08:27,init-script,2025-11-08T14:08:27,init-script
f8e4c3af-0f8a-4fa2-8f3a-5dd94de8b6a1,57650af9-4a39-4463-ba23-1e21566ade45, 1000000000 ,,,2025-11-08T14:08:27,init-script,2025-11-08T14:08:27,init-script
4daff74c-9653-429e-8778-7dd3addefcff,53688119-7cb8-4a2f-b83d-f819b518f162, 1000000000 ,,,2025-11-08T14:08:27,init-script,2025-11-08T14:08:27,init-script
0829acd4-646c-4946-bebe-121af5f79440,965e2ffb-e105-47c2-9b06-efae0a854f28, 1000000000 ,,,2025-11-08T14:08:27,init-script,2025-11-08T14:08:27,init-script
c7d59d56-9728-456a-a35e-0a58d195603e,088b10a0-6f13-45c4-a561-f10a0711b97c, 1000000000 ,,,2025-11-08T14:08:27,init-script,2025-11-08T14:08:27,init-script
39a0481c-8430-4e3d-b293-072d1513cfa3,53d3d8fb-3277-4544-a7b1-ecc3dc1121e7, 1000000000 ,,,2025-11-08T14:08:27,init-script,2025-11-08T14:08:27,init-script
eae5b9f7-ef69-4192-8830-dfcc674b2572,eb3abf7a-252b-44ad-a12c-09630586d41e, 1000000000 ,,,2025-11-08T14:08:27,init-script,2025-11-08T14:08:27,init-script
f208975e-f5d8-4194-90f2-0da0e606565d,f2c4097f-5bc0-4c28-a2ca-b090677584d9, 1000000000 ,,,2025-11-08T14:08:27,init-script,2025-11-08T14:08:27,init-script
a7524d35-ce7d-4249-a6a1-d9a6dc64a577,f92b99c7-f343-4a5b-a208-be6a665483eb, 1000000000 ,,,2025-11-08T14:08:27,init-script,2025-11-08T14:08:27,init-script
ac488016-0aa8-4ddb-b8cb-42cbf2f3d47b,8ce12bc5-9874-4077-93e1-2fa404fbcc28, 1000000000 ,,,2025-11-08T14:08:27,init-script,2025-11-08T14:08:27,init-script
986ea3bb-55d2-467c-bfb4-719145873fa9,6050a94e-ac1f-4c8e-a515-f4e0e4f9faf1, 1000000000 ,,,2025-11-08T14:08:27,init-script,2025-11-08T14:08:27,init-script
6d49704d-434b-41c0-825f-6158546ad8f1,290513d8-0ff9-44c9-af20-1a339fcaea6b, 1000000000 ,,,2025-11-08T14:08:27,init-script,2025-11-08T14:08:27,init-script
50a6e2bc-6ddc-42d3-98ca-b24b2cff8149,ea444490-5562-43db-8af6-af7562cabe72, 1000000000 ,,,2025-11-08T14:08:27,init-script,2025-11-08T14:08:27,init-script
57dbd522-3688-47f6-bdbd-4fdc42a00cff,741a9040-aca5-4ad4-96fa-272c7260b3af, 1000000000 ,,,2025-11-08T14:08:27,init-script,2025-11-08T14:08:27,init-script
a20671be-361a-46a8-83bd-6e28ed6907bb,48fc0c4c-cac1-4bba-a1f1-57a2f2127620, 1000000000 ,,,2025-11-08T14:08:27,init-script,2025-11-08T14:08:27,init-script
d2b892ea-9dcd-4b3f-86e3-e2ec8d50aebb,9e78e8bd-039b-4547-9dd8-cb75aebe0e2d, 1000000000 ,,,2025-11-08T14:08:27,init-script,2025-11-08T14:08:27,init-script
725e1b8f-cbaa-40a0-8543-8ec04e05fd44,a6302ff3-fcc7-4e13-b5bf-8fee8372502e, 1000000000 ,,,2025-11-08T14:08:27,init-script,2025-11-08T14:08:27,init-script
4cee7976-768e-4da3-a2be-dc08578de76c,a135b528-d788-41f3-83b7-b9e85162d2e7, 1000000000 ,,,2025-11-08T14:08:27,init-script,2025-11-08T14:08:27,init-script
8f5075cd-9461-4fca-a4e6-d1d29ef8aa81,3bc99b96-340d-4aac-ab98-48e9a2daf31c, 1000000000 ,,,2025-11-08T14:08:27,init-script,2025-11-08T14:08:27,init-script
250390dd-837e-4ec3-bfd9-0062ce98fe52,9aa85610-ef82-4a49-992f-b11ed72c879d, 1000000000 ,,,2025-11-08T14:08:27,init-script,2025-11-08T14:08:27,init-script
12731fae-89df-4fc3-a762-b2644d318249,142c5674-6f43-4ad0-8b07-d48744bd27cf, 1000000000 ,,,2025-11-08T14:08:27,init-script,2025-11-08T14:08:27,init-script
adb68cf6-1bc8-4b5a-9476-57e9b59e0bed,9e5c990d-d350-46c3-95c6-22a5a5822827, 1000000000 ,,,2025-11-08T14:08:27,init-script,2025-11-08T14:08:27,init-script
7e26dc56-0643-4c63-9375-d542efc2e088,d5d538fc-8de3-41a9-b818-5af7eba1fdfe, 1000000000 ,,,2025-11-08T14:08:27,init-script,2025-11-08T14:08:27,init-script
62965299-f00f-417b-aec9-920344c4811b,50151d23-affc-441f-a1ac-a925f790c808, 1000000000 ,,,2025-11-08T14:08:27,init-script,2025-11-08T14:08:27,init-script
eae1a38f-f783-41ff-b5ff-5a00bc1c9897,20d956ce-8f75-475c-9e4d-5cc87ebe9f54, 1000000000 ,,,2025-11-08T14:08:27,init-script,2025-11-08T14:08:27,init-script
2012536d-a67e-4230-b3d0-048da4ed691d,7f2517f8-7eb3-496d-833a-c69525b2f35c, 1000000000 ,,,2025-11-08T14:08:27,init-script,2025-11-08T14:08:27,init-script
b3fbceaf-dddd-4691-b44b-f2a915009dbb,a9459068-8a60-4d9e-9d73-d2346c5ffbb7, 1000000000 ,,,2025-11-08T14:08:27,init-script,2025-11-08T14:08:27,init-script
12080879-bed0-4427-b1e4-dadd3c1243f0,1e47f73c-d41e-43c0-af5c-f8a6b7510d40, 1000000000 ,,,2025-11-08T14:08:27,init-script,2025-11-08T14:08:27,init-script
5f37e629-7ae4-4c6f-babe-e152f03670fa,2631536d-2fe5-4fdd-8574-1b86ec7c19d5, 1000000000 ,,,2025-11-08T14:08:27,init-script,2025-11-08T14:08:27,init-script
526f03ff-659e-4b8d-a271-3e9d152daa79,b965f199-b385-467f-aa0e-c3ae4bb6314f, 1000000000 ,,,2025-11-08T14:08:27,init-script,2025-11-08T14:08:27,init-script
3918a7ff-c66f-4438-9248-949aa6e00bbb,7e155841-9f91-4518-a76f-6a87244d9914, 1000000000 ,,,2025-11-08T14:08:27,init-script,2025-11-08T14:08:27,init-script
ed1ed2f4-837b-48f1-8dce-aa76173d75d4,e19489bb-4861-49d5-ace9-2b9a32167722, 1000000000 ,,,2025-11-08T14:08:27,init-script,2025-11-08T14:08:27,init-script
b0d557ed-06c7-4227-8175-a98f5c616991,5941fc8e-02a8-4a88-8a74-a0be1ea6319e, 1000000000 ,,,2025-11-08T14:08:27,init-script,2025-11-08T14:08:27,init-script
8dee1bf0-f2e2-4b13-9dc6-ec5ebfa35eb4,12a57010-e94c-4672-a2b9-edd17cda3aee, 1000000000 ,,,2025-11-08T14:08:27,init-script,2025-11-08T14:08:27,init-script
6fb2068d-a232-470c-8eed-d92713af6475,eefbf1d1-1dfb-4e6f-8703-19d1d2dcdcce, 1000000000 ,,,2025-11-08T14:08:27,init-script,2025-11-08T14:08:27,init-script
404439db-9a7a-4710-8006-348507b7829c,035347c7-df67-41ae-b285-c18cf2d675d0, 1000000000 ,,,2025-11-08T14:08:27,init-script,2025-11-08T14:08:27,init-script
54ce4c0c-e229-4ba0-b2ed-e4de8a59b6eb,64403fbe-fa2e-4cb8-ab1b-c62583ac224b, 1000000000 ,,,2025-11-08T14:08:27,init-script,2025-11-08T14:08:27,init-script
fd4c62ea-736d-47b4-983e-3fcb46b0a56b,8912bdb8-f8f6-45e8-8cfa-056306d9b785, 1000000000 ,,,2025-11-08T14:08:27,init-script,2025-11-08T14:08:27,init-script
c3212229-1000-47b3-aa18-2907fbf80f35,26d82058-e169-4b13-9ce5-eb1c5be20d21, 1000000000 , 5000000000 ,,2025-11-08T14:08:27,init-script,2025-11-08T14:08:27,init-script
120ff2c3-9d11-490d-9812-a65825598e26,abdb682a-ad8e-4ecc-a989-025c9613fe93, 1000000000 , 5000000000 ,,2025-11-08T14:08:27,init-script,2025-11-08T14:08:27,init-script
bbfbd1cb-7767-4923-b6a7-974eaf145d9e,40763ae2-24b5-459f-8ecc-41f72c0e6aa7, 1000000000 , 5000000000 ,,2025-11-08T14:08:27,init-script,2025-11-08T14:08:27,init-script
4e79a997-4a22-4bdd-ad48-8fd2dbe8c382,ce82576b-375a-4438-8f54-4f1890712a31, 1000000000 , 5000000000 ,,2025-11-08T14:08:27,init-script,2025-11-08T14:08:27,init-script
c006dc52-4052-477b-a856-bca45016d650,64ce01ee-b3a6-4512-a8d8-643c31ce39e2, 1000000000 , 5000000000 ,,2025-11-08T14:08:27,init-script,2025-11-08T14:08:27,init-script
355e51fa-0248-4d4a-87bc-d16bd7985cf9,9da93b37-bd80-4503-8cac-bac987fc9d1b, 1000000000 , 5000000000 ,,2025-11-08T14:08:27,init-script,2025-11-08T14:08:27,init-script
1a189b1a-a9e6-483e-b1fa-986e493e158c,f8018be1-fa10-4dbf-851d-89307f50ee31, 1000000000 , 5000000000 ,,2025-11-08T14:08:27,init-script,2025-11-08T14:08:27,init-script
e9923787-332e-4efb-bcd0-144e74383e3c,4afa94e6-b274-4ee2-bbac-31c85c29ceee, 1000000000 , 5000000000 ,,2025-11-08T14:08:27,init-script,2025-11-08T14:08:27,init-script
fa165f15-acc9-4d08-9fa7-296005da2baf,08ae01b0-8748-415d-9b04-ef0fae24e63d, 1000000000 , 5000000000 ,,2025-11-08T14:08:27,init-script,2025-11-08T14:08:27,init-script
08af8045-e361-41c0-8d79-6c90b5aa9ddf,4e76919c-100f-4036-8bcb-3555120b619f, 1000000000 , 5000000000 ,,2025-11-08T14:08:27,init-script,2025-11-08T14:08:27,init-script
69d674d1-8e8f-4cf4-bf1f-d55da221f552,6ece1706-18e8-44ad-9445-16b69aebb974, 1000000000 , 5000000000 ,,2025-11-08T14:08:27,init-script,2025-11-08T14:08:27,init-script
1a882ca5-17dd-467b-b921-fab8721ea561,b8b85b35-50d4-4cf3-9690-9beee427de8d, 1000000000 , 5000000000 ,,2025-11-08T14:08:27,init-script,2025-11-08T14:08:27,init-script
aa839d0e-8364-46c6-aa0e-6aba28b17078,aebaf9e6-83f1-427b-9e78-d30e48b8e008, 1000000000 , 5000000000 ,,2025-11-08T14:08:27,init-script,2025-11-08T14:08:27,init-script
b1ea1de1-4e48-4b45-9533-8de58e421aac,686c08ff-e740-424d-8806-c4efde065d25, 1000000000 , 5000000000 ,,2025-11-08T14:08:27,init-script,2025-11-08T14:08:27,init-script
0b3f9fc5-3985-4f03-b795-58518c71b2b1,ede8f42e-458b-41a6-ab4d-2e4b34e25d18, 1000000000 , 5000000000 ,,2025-11-08T14:08:27,init-script,2025-11-08T14:08:27,init-script
6287478c-6e6a-4fbe-a5c8-ac697d049b70,8f2e5905-735c-41a7-9ddf-91a785d54718, 1000000000 , 5000000000 ,,2025-11-08T14:08:27,init-script,2025-11-08T14:08:27,init-script
63a5c74f-9523-4ee6-82d1-54b652bcf40b,5b20e0b3-2678-4f1a-9ad0-bf4a30d29007, 1000000000 , 5000000000 ,,2025-11-08T14:08:27,init-script,2025-11-08T14:08:27,init-script
548683cb-a882-4fff-9641-b6f9bd4d42ec,10eff9b9-02c8-4f82-a793-8de1965354bf, 1000000000 , 5000000000 ,,2025-11-08T14:08:27,init-script,2025-11-08T14:08:27,init-script
c0b6ed39-aca4-46a3-ab55-9711e96295bf,a3fb8113-a090-4c9e-b115-b2ff6283ae1a, 1000000000 , 5000000000 ,,2025-11-08T14:08:27,init-script,2025-11-08T14:08:27,init-script
a7084ca6-82ec-463c-b3ec-dd9294ba3027,1d3b3248-9833-4674-8ac2-9559fd8d5c0f, 1000000000 , 5000000000 ,,2025-11-08T14:08:27,init-script,2025-11-08T14:08:27,init-script
005b7d4c-5944-4a9d-bf82-fdf3140353cd,72f8d9f9-1367-4471-84cd-55b56ea4c77b, 1000000000 , 5000000000 ,,2025-11-08T14:08:27,init-script,2025-11-08T14:08:27,init-script
bf9426ce-87af-4fb5-b8d3-98ee1a1ac1ee,f12716b9-4b1a-4875-9479-e2a977554a74, 1000000000 , 5000000000 ,,2025-11-08T14:08:27,init-script,2025-11-08T14:08:27,init-script
cd8aa900-d8ee-4e63-b327-035b18f3fa1f,c914c618-fbd0-457c-b4e5-02a0984a5cee, 1000000000 , 5000000000 ,,2025-11-08T14:08:27,init-script,2025-11-08T14:08:27,init-script
2abccf03-951f-45f0-988b-609a3df08fac,c8c49d0e-fabd-45a6-84d4-7c1feb75fec6, 1000000000 , 5000000000 ,,2025-11-08T14:08:27,init-script,2025-11-08T14:08:27,init-script
48a9885d-3f13-412e-bc73-3c5bb59f6199,1865d63b-0bf7-46f5-967f-83292b0ce78e, 1000000000 , 5000000000 ,,2025-11-08T14:08:27,init-script,2025-11-08T14:08:27,init-script
62d01c98-d8ea-42ec-bac7-c35f44af3054,51d7bb4e-e77b-4f93-8f11-ce16c152f5b5, 1000000000 , 5000000000 ,,2025-11-08T14:08:27,init-script,2025-11-08T14:08:27,init-script
524b8105-7f02-479d-a4bb-6411415dfc38,8a0a20d7-16ab-4695-b22f-8314ecee8de3, 1000000000 , 5000000000 ,,2025-11-08T14:08:27,init-script,2025-11-08T14:08:27,init-script
0f003cd7-6cfb-4c66-8a34-50a395112662,1d56d67e-5fb6-4903-8d8b-2d35b6bdf974, 1000000000 , 5000000000 ,,2025-11-08T14:08:27,init-script,2025-11-08T14:08:27,init-script
308ca570-6e9c-44c1-93fe-d1aa8b4de841,959bea54-d5a5-4728-b775-9b5b3f58696e, 1000000000 , 5000000000 ,,2025-11-08T14:08:27,init-script,2025-11-08T14:08:27,init-script
2d1c4f18-14eb-4601-9f7b-2df6e48e83ec,bb13b06d-b7f4-4931-b776-82f8fabfff5f, 1000000000 , 5000000000 ,,2025-11-08T14:08:27,init-script,2025-11-08T14:08:27,init-script
4735ec09-7f0f-4818-97f5-8cf707ae380d,3ed2708f-6f4f-48a5-8526-6cc3ef8df168, 1000000000 , 5000000000 ,,2025-11-08T14:08:27,init-script,2025-11-08T14:08:27,init-script
a7fd05b5-5751-4df1-b682-27693554c629,64ae3aff-9350-463a-85e1-5538a17934cb, 1000000000 , 5000000000 ,,2025-11-08T14:08:27,init-script,2025-11-08T14:08:27,init-script
97ff2224-487a-468f-ac08-5b7ea79e27e8,7a5e1fb3-6e12-4d2d-809f-6b26647ee00a, 1000000000 , 5000000000 ,,2025-11-08T14:08:27,init-script,2025-11-08T14:08:27,init-script
77b711b2-f9b1-4a84-8006-0944de2693b9,2909af20-5311-4b6c-b230-6e5d417316e2, 1000000000 , 5000000000 ,,2025-11-08T14:08:27,init-script,2025-11-08T14:08:27,init-script
11b1db33-c06d-45c4-a079-36d58d6a1d27,2f975ad3-6e68-4c8c-9187-0a649e2debaa, 1000000000 , 5000000000 ,,2025-11-08T14:08:27,init-script,2025-11-08T14:08:27,init-script
6dd5d489-79c0-41b6-8788-e7536ab9420a,5ec7b4cc-2c77-4029-966d-f103a7de8b59, 1000000000 , 5000000000 ,,2025-11-08T14:08:27,init-script,2025-11-08T14:08:27,init-script
8c8082f5-f822-4c5d-9c31-f1ad9417559c,d94df314-92a5-47e9-8f0d-0aceb85b658f, 1000000000 , 5000000000 ,,2025-11-08T14:08:27,init-script,2025-11-08T14:08:27,init-script
f132f068-10c1-4653-9479-a6e0c5a781ec,449ad343-cc49-4785-83dc-10a56f70e0d4, 1000000000 , 5000000000 ,,2025-11-08T14:08:27,init-script,2025-11-08T14:08:27,init-script
f6d4b523-8eb6-413a-9917-f9f4ef8bccf8,ceb98570-d25c-4c57-a745-9a8c809da449, 1000000000 , 5000000000 ,,2025-11-08T14:08:27,init-script,2025-11-08T14:08:27,init-script
3d963f21-baef-4bc9-afed-996ba079b718,5b8ee34a-ad52-4b28-a2b3-cdfc0c81de81, 1000000000 , 5000000000 ,,2025-11-08T14:08:27,init-script,2025-11-08T14:08:27,init-script
217958f6-dcff-47d7-bfa6-91626feecc75,7f142249-a83f-47b2-ba55-31a0f4b7f695, 1000000000 , 5000000000 ,,2025-11-08T14:08:27,init-script,2025-11-08T14:08:27,init-script
2717c0aa-44cc-4486-80b2-35b065cd1e3d,06d28b0c-f513-4a72-92d7-620f1d3b46d8, 1000000000 , 5000000000 ,,2025-11-08T14:08:27,init-script,2025-11-08T14:08:27,init-script
6b29095e-ce1b-42b8-b258-4ebea9db6208,1d806560-dd15-49a6-a589-97e6277f2ab8, 1000000000 , 5000000000 ,,2025-11-08T14:08:27,init-script,2025-11-08T14:08:27,init-script
4c0cad20-4c9b-4f15-ae70-7737c55c1d3e,bf6e6674-ae2d-4583-9bfa-485d83319ae6, 1000000000 , 5000000000 ,,2025-11-08T14:08:27,init-script,2025-11-08T14:08:27,init-script
ae0eefb2-9db4-4af6-a1ac-7ea746efb48b,73211f12-5f05-4ac7-9222-b9cb41f2903e, 1000000000 , 5000000000 ,,2025-11-08T14:08:27,init-script,2025-11-08T14:08:27,init-script
375e8a18-d86f-4cc0-886b-00c123d539fe,14fecca3-f4e7-4f95-a5f2-9fc893e74e0a, 1000000000 , 5000000000 ,,2025-11-08T14:08:27,init-script,2025-11-08T14:08:27,init-script
93ef4017-4b8e-4be9-aa4d-ed575c3d5b46,d0691c6d-444a-44c0-8c88-b102ed2d5c47, 1000000000 , 5000000000 ,,2025-11-08T14:08:27,init-script,2025-11-08T14:08:27,init-script
d7db405c-8928-4809-85e6-9afca058b1f8,f80bf511-23ae-4d82-ad31-185c9a38f66e, 1000000000 , 5000000000 ,,2025-11-08T14:08:27,init-script,2025-11-08T14:08:27,init-script
4520d431-b323-4f5a-9b2a-d148a8b337f0,d2c37bf3-35b3-47bc-82d0-544c3b70e0e8, 1000000000 , 5000000000 ,,2025-11-08T14:08:27,init-script,2025-11-08T14:08:27,init-script
1ec72363-fb64-4b22-804f-1be1c1fef3ed,b68153fc-18c2-4063-ae42-5b96a9d5ff64, 1000000000 , 5000000000 ,,2025-11-08T14:08:27,init-script,2025-11-08T14:08:27,init-script
e14273f0-ac0c-4bbf-a84c-41da4eac9024,05f783d8-1e5f-4673-8f27-aa0c449a231d, 1000000000 , 5000000000 ,,2025-11-08T14:08:27,init-script,2025-11-08T14:08:27,init-script
369a2638-63d5-46f7-b2ba-2c73a16bce56,54aa3706-b0b0-464b-b51a-1947f354c9bb, 1000000000 , 5000000000 ,,2025-11-08T14:08:27,init-script,2025-11-08T14:08:27,init-script
ecd7746e-6ca2-44d0-8fcb-080dc243a48e,2ab5c7cc-4d6a-4d47-966b-9826d5df2de4, 1000000000 , 5000000000 ,,2025-11-08T14:08:27,init-script,2025-11-08T14:08:27,init-script
47a852f2-39a8-4087-8647-b4614dd6527e,93876a33-931a-4ee0-b722-f70414d2a02a, 1000000000 , 5000000000 ,,2025-11-08T14:08:27,init-script,2025-11-08T14:08:27,init-script
241c729b-46af-4016-ad15-7ad53518e73b,354f3034-5c87-49a3-93f6-4fd34d25809d, 1000000000 , 5000000000 ,,2025-11-08T14:08:27,init-script,2025-11-08T14:08:27,init-script
99cf77fc-6069-48e5-a474-38cc9069b38a,7a87a7fe-98ae-4654-914c-dbfdf692d567, 1000000000 , 5000000000 ,,2025-11-08T14:08:27,init-script,2025-11-08T14:08:27,init-script
8e95a7bf-9c2b-45fc-b957-46fc8f75c030,fa1a63e0-feea-418a-8385-6bb15c468d96, 1000000000 , 5000000000 ,,2025-11-08T14:08:27,init-script,2025-11-08T14:08:27,init-script
c71d4a3c-7679-4645-aa8e-ab6178b5fb59,c3fe463e-38db-4c08-8cbc-c8d5a9fcf29b, 1000000000 , 5000000000 ,,2025-11-08T14:08:27,init-script,2025-11-08T14:08:27,init-script
ab419708-dd90-4c13-a3b2-a63f80093270,fd786452-85dc-4b54-a1fa-65ff59a7740d, 1000000000 , 5000000000 ,,2025-11-08T14:08:27,init-script,2025-11-08T14:08:27,init-script
07335c9e-b289-4890-9067-fa2f5b99cd3d,d19590e5-d044-4f09-8cbb-747e314ffb4a, 1000000000 , 5000000000 ,,2025-11-08T14:08:27,init-script,2025-11-08T14:08:27,init-script
0e185ca6-419e-4730-b64c-7a07b87b45d1,a46c1cfd-fc01-4ed0-8689-4d9e8d7bb048, 1000000000 , 5000000000 ,,2025-11-08T14:08:27,init-script,2025-11-08T14:08:27,init-script
61095b18-a494-400c-98e0-3cca00c364c8,bdcd56f3-9a34-43ae-b58b-f18a604dc7ff, 1000000000 , 5000000000 ,,2025-11-08T14:08:27,init-script,2025-11-08T14:08:27,init-script
01b1120c-bca1-4d9e-8b7b-33bf87eeb729,b7a2f266-6772-4c81-877a-16739ffe385a, 1000000000 , 5000000000 ,,2025-11-08T14:08:27,init-script,2025-11-08T14:08:27,init-script
4beea0ce-1281-4531-afe2-7e0ea5233073,4f7926da-29de-4b6a-9cce-75b609043737, 1000000000 , 5000000000 ,,2025-11-08T14:08:27,init-script,2025-11-08T14:08:27,init-script
98207c49-7267-4cfc-ab16-25b739f8ebd7,222d14e1-6515-4aad-9132-29294b49384c, 1000000000 , 5000000000 ,,2025-11-08T14:08:27,init-script,2025-11-08T14:08:27,init-script
87186b43-00f4-4ddb-b124-3fe8d87792fb,7e9f2065-0461-4aeb-a740-d186946929d7, 1000000000 , 5000000000 ,,2025-11-08T14:08:27,init-script,2025-11-08T14:08:27,init-script
86cac7c8-9d7a-47b3-a7f3-157583c00bd0,044d4487-eab1-4d9f-b110-0fd6021f0a9b,,,,2025-11-08T14:08:27,init-script,2025-11-08T14:08:27,init-script
b778a821-758e-465a-b268-a8cdb2acc517,28e3feca-3dcd-4a9e-beea-910079383900,,,,2025-11-08T14:08:27,init-script,2025-11-08T14:08:27,init-script
a9905618-b3e3-4173-9ace-110482f999df,540aaf56-3c26-4d4b-b4b0-22482bc96e0c,,,,2025-11-08T14:08:27,init-script,2025-11-08T14:08:27,init-script
14904e95-5084-48c9-8966-fa4b039e853b,8e730fc5-dbf0-4c2e-812b-74f6b52816ae,,,,2025-11-08T14:08:27,init-script,2025-11-08T14:08:27,init-script
c7602a28-53a8-44db-8a24-e7fd2e39bbb9,ca996db3-1e8a-4b49-a783-1b0cce2f9338,,,,2025-11-08T14:08:27,init-script,2025-11-08T14:08:27,init-script
b00024d3-c43f-4b5c-b32a-cb13c46da9ce,f6f5b080-bb5e-4b5d-9dc9-f3e262b4b7c1,,,,2025-11-08T14:08:27,init-script,2025-11-08T14:08:27,init-script
29282953-56d2-41ba-95d8-96dae8442c92,2f4630a9-cd28-4d73-a935-425bc9a97449,,,,2025-11-08T14:08:27,init-script,2025-11-08T14:08:27,init-script
82bd57b5-663f-4b17-8490-f15b1009370e,b5cae6f2-3970-4f40-8c80-2f821d90c764,,,,2025-11-08T14:08:27,init-script,2025-11-08T14:08:27,init-script
9dce0a2e-0595-42bc-89cd-f9bb4392c3ec,9a488952-9051-47ca-8385-cb01c9de48de,,,,2025-11-08T14:08:27,init-script,2025-11-08T14:08:27,init-script
caeb5d08-617f-4fc6-81ab-f83e8f896e00,5d083384-1896-4b83-b3da-d3b1e0c62b16,,,,2025-11-08T14:08:27,init-script,2025-11-08T14:08:27,init-script
e0c8174a-12c4-46ba-9693-4923c5365a66,acafcabf-4f2b-4070-91a3-4914c39276da,,,,2025-11-08T14:08:27,init-script,2025-11-08T14:08:27,init-script
185607fb-54cc-467f-b39f-af572134644d,d489607c-fdec-44e0-9ac0-d0fd57ef7d0f,,,,2025-11-08T14:08:27,init-script,2025-11-08T14:08:27,init-script
d244c632-b20c-45a0-8689-5d887ba933ee,528099c8-92b5-40c9-b8fc-d5b031b2b547,,,,2025-11-08T14:08:27,init-script,2025-11-08T14:08:27,init-script
de82a5a3-399a-494b-bd3e-9b5577eb008f,8be9f1b8-f625-44e2-8d3b-da0e0f5e9d7f,,,,2025-11-08T14:08:27,init-script,2025-11-08T14:08:27,init-script
f6eeec7e-2442-43f1-8db2-dbd6214627be,6959dec6-b94b-465f-890e-da9be861081d,,,,2025-11-08T14:08:27,init-script,2025-11-08T14:08:27,init-script
443686e0-d7b9-4205-9448-554e2da52fb6,b82bf250-22c1-4389-9acc-dc9e0c3d4adb,,,,2025-11-08T14:08:27,init-script,2025-11-08T14:08:27,init-script
d0c5bd5c-f3a1-458f-afea-6d7ed1e9cf93,c680469d-e899-4e37-8a89-ee7c18393d05,,,,2025-11-08T14:08:27,init-script,2025-11-08T14:08:27,init-script
0c699678-e02e-4b7e-9115-bd169a88d5b4,c09bbf3e-ef52-4401-8aa9-b33bd4bea961,,,,2025-11-08T14:08:27,init-script,2025-11-08T14:08:27,init-script
93fb8ed0-2460-40be-bd0c-aff128c2f339,f4697e55-178e-4f7a-bc1b-d42ebabf4d5a,,,,2025-11-08T14:08:27,init-script,2025-11-08T14:08:27,init-script
37bdd42f-31a0-4010-8d4a-416c6828201a,0c883e85-4382-48a3-b1b1-d863a6acd9fd,,,,2025-11-08T14:08:27,init-script,2025-11-08T14:08:27,init-script
f5739cf4-6a45-442d-a589-579493336099,13390ce9-6b7b-4a43-b983-f88dfcf931b7,,,,2025-11-08T14:08:27,init-script,2025-11-08T14:08:27,init-script
a457b3f4-5298-4c21-a75b-d6968683081e,58e4c76e-cb74-4630-b54a-9607398595de,,,,2025-11-08T14:08:27,init-script,2025-11-08T14:08:27,init-script
29a05f15-77bf-4966-9a34-b7caf0886756,317bf9c0-31ce-4b07-9967-82ecfa2f721f,,,,2025-11-08T14:08:27,init-script,2025-11-08T14:08:27,init-script
7b78be64-6dfe-4a8c-a352-8bbc92f67c38,3739bd96-31ec-4b1d-b3ef-e53ebb5b5132,,,,2025-11-08T14:08:27,init-script,2025-11-08T14:08:27,init-script
14568b33-179c-4b1b-a8f4-060357db8dff,64bc4e7c-0a80-43ec-b06f-f119bca05398,,,,2025-11-08T14:08:27,init-script,2025-11-08T14:08:27,init-script
c52ba869-30e1-426c-bb18-63407ccab13e,77fa0112-2617-43a4-b6cc-67a6e71b3262,,,,2025-11-08T14:08:27,init-script,2025-11-08T14:08:27,init-script
528aeda3-1a88-4b4a-a3f1-360f6360fa72,c45d6df7-f85d-4aa9-a7ff-c1b25d334e1d,,,,2025-11-08T14:08:27,init-script,2025-11-08T14:08:27,init-script
f40457fa-62e5-43ba-a52e-5f52dc332752,5171d4bb-8518-4173-948a-26205adb47d8,,,,2025-11-08T14:08:27,init-script,2025-11-08T14:08:27,init-script
bed02a12-bdfa-4c79-9c74-db1281eb865c,8bd2f2ac-9bac-47c5-b73f-e9e7e9882213,,,,2025-11-08T14:08:27,init-script,2025-11-08T14:08:27,init-script
4d701ac4-3d01-4580-823b-4daf45fc4839,1cc3353c-173b-41ff-9395-0e29ebf9eae9,,,,2025-11-08T14:08:27,init-script,2025-11-08T14:08:27,init-script
acea287a-1d4b-4069-9659-ff3b3c41d214,f59d88df-c88d-4f03-98ef-f2ead2b93876,,,,2025-11-08T14:08:27,init-script,2025-11-08T14:08:27,init-script
f251ba80-6a9e-43b0-abb0-188117b0d9ea,7dd5c4c8-7326-4899-bc9f-fd469c03b49f,,,,2025-11-08T14:08:27,init-script,2025-11-08T14:08:27,init-script
e99e23c8-ed82-4746-9d68-72d76c60e678,c6cea445-4624-4846-a324-524053654f84,,,,2025-11-08T14:08:27,init-script,2025-11-08T14:08:27,init-script
141c4aec-06d4-4d01-a38f-cdffe91ea879,c442f934-a502-4e04-a844-450fd8e036a7,,,,2025-11-08T14:08:27,init-script,2025-11-08T14:08:27,init-script
52988ae6-4f88-4755-ac24-e6b8673f065c,4272b573-60e0-4a7c-9d04-aedd09667a15,,,,2025-11-08T14:08:27,init-script,2025-11-08T14:08:27,init-script
74368d66-abdf-4860-a525-dd6c1b2a6a7c,f3eed854-f188-4bb3-86c0-d7ba76366c14,,,,2025-11-08T14:08:27,init-script,2025-11-08T14:08:27,init-script
29b8530d-d313-43a3-b1a4-98d0835ebaf8,0e1f99e9-de9c-4b56-878f-f05742c3418c,,,,2025-11-08T14:08:27,init-script,2025-11-08T14:08:27,init-script
7a9285fe-5365-4ea8-adb2-33502423f721,b777332e-fb22-488e-a4bf-0a97a207172a,,,,2025-11-08T14:08:27,init-script,2025-11-08T14:08:27,init-script
0cf4447c-ef19-47f5-9684-0730c2e30be7,75d617ae-cc7d-451e-9ee7-d703fffd49a1,,,,2025-11-08T14:08:27,init-script,2025-11-08T14:08:27,init-script
05a52248-2bc3-4ea2-b404-f7afd73dd21b,f99d43d3-5c5a-43fa-88ec-7b06b40ab609,,,,2025-11-08T14:08:27,init-script,2025-11-08T14:08:27,init-script
cfb706f0-f8ae-4627-a107-4cacda045f77,79835213-aac5-4804-bf17-170cc40620f3,,,,2025-11-08T14:08:27,init-script,2025-11-08T14:08:27,init-script
944cc635-b804-4b00-9049-92951ebc1b2a,5fb89018-a23f-42ce-958d-0586f28dd111,,,,2025-11-08T14:08:27,init-script,2025-11-08T14:08:27,init-script
0407dd39-31a3-40de-b528-0cf933cf7aed,8aca6567-69c7-4d04-b3f9-0e713b0ca22c,,,,2025-11-08T14:08:27,init-script,2025-11-08T14:08:27,init-script
3672a230-fe2f-424c-a885-ed55a2d1a762,ecb87211-0187-4612-8af5-6db9bc0564b6,,,,2025-11-08T14:08:27,init-script,2025-11-08T14:08:27,init-script
b77d9191-8ccc-4de7-a7ee-2e3e430da8b9,cca52e0f-15b5-45a4-a487-5fb4fbdb8cdf,,,,2025-11-08T14:08:27,init-script,2025-11-08T14:08:27,init-script
037d8b67-3388-467c-bf5c-402b5443f8c0,caa6c3a8-3c5b-442a-9046-cded0d97d9da,,,,2025-11-08T14:08:27,init-script,2025-11-08T14:08:27,init-script
8ddf55ba-2b8a-4ae3-8af3-a45861b50371,70dee519-3518-4680-a464-758014034a1b,,,,2025-11-08T14:08:27,init-script,2025-11-08T14:08:27,init-script
c3469848-1b85-4134-93c1-6c049558c722,538fbdf9-8ea7-40f3-8845-0d4f77b14c38,,,,2025-11-08T14:08:27,init-script,2025-11-08T14:08:27,init-script
8c38fadf-86d6-4939-ae78-6e64dfdb5d71,ec322fc3-2d5e-46a7-974a-ec718b7c688d,,,,2025-11-08T14:08:27,init-script,2025-11-08T14:08:27,init-script
b1590d36-40f2-48b7-aa58-ccfbd7ef5aac,f48be336-4145-40d4-a340-5fc71b2b06a7,,,,2025-11-08T14:08:27,init-script,2025-11-08T14:08:27,init-script
664a1b18-6aae-44bb-9a55-20c4ab84caff,744d2465-d210-495d-8fa8-4073ba231661,,,,2025-11-08T14:08:27,init-script,2025-11-08T14:08:27,init-script
6e710faa-2342-4a36-889d-d22e0e943f7b,63b3405f-d1ed-4a21-b782-3f59ae0d9d96,,,,2025-11-08T14:08:27,init-script,2025-11-08T14:08:27,init-script
d8cd8bfb-85e9-4ba3-a015-4d85b55be176,3aa430eb-61f7-4c9c-b36c-c256d0c21031,,,,2025-11-08T14:08:27,init-script,2025-11-08T14:08:27,init-script
f777542d-d70d-47db-bd0d-4621a1032153,9279186f-2ced-4f7c-9a63-6601f0d70884,,,,2025-11-08T14:08:27,init-script,2025-11-08T14:08:27,init-script
ead0926b-2c68-4cb9-995f-968b833e6777,79b78f5a-e394-4455-8c71-1809ac5b1199,,,,2025-11-08T14:08:27,init-script,2025-11-08T14:08:27,init-script
c4b9f84e-319f-4828-ab5e-0cf331cd6080,998ad6b2-79aa-4ceb-a10a-5190977bb407,,,,2025-11-08T14:08:27,init-script,2025-11-08T14:08:27,init-script
48208612-5a82-4d13-a676-85aa1d6aa964,084b795a-5d3a-45f4-92f6-98313abebe64,,,,2025-11-08T14:08:27,init-script,2025-11-08T14:08:27,init-script
96055ac8-bf22-4293-8d6c-abb26e4f88de,ed1dd17f-2b08-4b9c-9866-a431d4132729,,,,2025-11-08T14:08:27,init-script,2025-11-08T14:08:27,init-script
dcc63584-7496-4f16-b1f0-a4e204e7221e,20ab6ce2-4f76-4057-85d3-b4e3fb7ed6e1,,,,2025-11-08T14:08:27,init-script,2025-11-08T14:08:27,init-script
795e9fc4-d15a-4e5f-b11e-6528201fe42a,cd15c01a-7f8c-4103-b056-6fd85d04fc61,,,,2025-11-08T14:08:27,init-script,2025-11-08T14:08:27,init-script
90d92790-f06a-434e-b498-ecc593f11597,b46e52d7-2fab-4002-8c9a-80d28d49e5ec,,,,2025-11-08T14:08:27,init-script,2025-11-08T14:08:27,init-script
71df24fc-f622-4037-8e89-8be50368aee1,58a659f3-eee7-4f65-a9ad-81a2659624c5,,,,2025-11-08T14:08:27,init-script,2025-11-08T14:08:27,init-script
aa8395f6-603c-46f8-8049-c9af8dc71fc1,db7aeb62-bc9d-4b8a-b251-6a7ef64b0797,,,,2025-11-08T14:08:27,init-script,2025-11-08T14:08:27,init-script
8d86bd7f-f5f7-4cf6-83d9-f3b6510031be,df3e7381-1fa7-4702-9a23-2b9cee6ebc70,,,,2025-11-08T14:08:27,init-script,2025-11-08T14:08:27,init-script
f309d0ee-f9ef-4811-8d68-e297ceec28f9,73561ba4-90a1-4453-95e2-fd6c3fd024c8,,,,2025-11-08T14:08:27,init-script,2025-11-08T14:08:27,init-script
e789799e-b1de-436f-99b0-250e84fa5ae4,7cfd2b14-7c0e-4816-bc43-8f8fe64935bb,,,,2025-11-08T14:08:27,init-script,2025-11-08T14:08:27,init-script
cb47358f-bf55-4ca9-bb69-5b7baa905beb,400825bd-3345-45d8-ab41-ef82776f90c4,,,,2025-11-08T14:08:27,init-script,2025-11-08T14:08:27,init-script
92770340-6f72-4135-88d2-e5995e05cc63,9fdd2564-a376-4c82-b31d-b00b076a5f0f,,,,2025-11-08T14:08:27,init-script,2025-11-08T14:08:27,init-script
576d19be-aafd-46b9-8757-194279e60a35,dc456d61-01af-46a6-8db1-77b7b397ed2c,,,,2025-11-08T14:08:27,init-script,2025-11-08T14:08:27,init-script
2e7da8d4-426b-4350-b6d5-bbe6f72b8ea6,71b892b9-b8e8-4c9d-835a-612203ccc8df,,,,2025-11-08T14:08:27,init-script,2025-11-08T14:08:27,init-script
603789b0-02ca-40f3-84a4-4c2642fe0e29,aa769006-66b1-4a3e-bc7d-995d7728f616,,,,2025-11-08T14:08:27,init-script,2025-11-08T14:08:27,init-script
c158e194-74f5-459c-8756-cc641948bd47,5a219a0a-f7c7-4ea6-ba64-a53e35cad7bb,,,,2025-11-08T14:08:27,init-script,2025-11-08T14:08:27,init-script
24f667dc-3754-472b-b079-2b716b55cb10,2817c9e2-aa58-4a2b-a545-b813365afe0a,,,,2025-11-08T14:08:27,init-script,2025-11-08T14:08:27,init-script
6046d6f4-bb91-47c9-a6f0-7b21a45061b0,4a7b0e7b-f357-4af5-8b88-69aee1955023,,,,2025-11-08T14:08:27,init-script,2025-11-08T14:08:27,init-script
91939bbf-6bdf-4585-8734-11dc006b43ee,38114bf8-a139-4080-9bdf-434fb08e9bcb,,,,2025-11-08T14:08:27,init-script,2025-11-08T14:08:27,init-script
57f6ed2c-eda6-41b1-b300-14b704d5f4ae,d2cec2c5-2661-4bfd-a94f-d892bacfa736,,,,2025-11-08T14:08:27,init-script,2025-11-08T14:08:27,init-script
0f7ad8a8-6376-4967-857a-4c225c289067,68b9b6e9-d5f2-4094-ab24-ae18b56b0f20,,,,2025-11-08T14:08:27,init-script,2025-11-08T14:08:27,init-script
e365f095-561b-410c-ba7d-5b3cf1059ca9,24f2a6d1-774b-42a8-bedb-d53f09d03d28,,,,2025-11-08T14:08:27,init-script,2025-11-08T14:08:27,init-script
ae2e76ed-ff32-4b9e-980d-83e96a07fdbc,9b466650-6c3f-4051-8292-394e88a0849b,,,,2025-11-08T14:08:27,init-script,2025-11-08T14:08:27,init-script
936fda0e-45d7-4630-88d4-2e0c5a61d1c1,18e30872-290a-41ad-9502-1fdac2c0c781,,,,2025-11-08T14:08:27,init-script,2025-11-08T14:08:27,init-script
760d2979-bf00-42b2-98dd-ae78c598fb3f,dff088db-eb35-4231-9d49-95804b49aa7f,,,,2025-11-08T14:08:27,init-script,2025-11-08T14:08:27,init-script
78399299-dee7-497f-8822-e43f3cd04e5e,d22147d0-65e9-48cc-9aed-42a57bfe1b75,,,,2025-11-08T14:08:27,init-script,2025-11-08T14:08:27,init-script
4f51ed95-3f56-42c0-9233-adc6e9a6f6f7,ca8999a5-872b-47e9-93e9-b45afe26b8ca,,,,2025-11-08T14:08:27,init-script,2025-11-08T14:08:27,init-script
15609012-bf36-443c-ba30-e47aa6b50c56,0f5335ca-a022-4ce2-94f7-92fdfd64a6cb,,,,2025-11-08T14:08:27,init-script,2025-11-08T14:08:27,init-script
9e96c011-7c9b-4d77-842e-3dac5462ec5a,bc183bdc-60f5-40a3-b06e-2bbd3d07053d,,,,2025-11-08T14:08:27,init-script,2025-11-08T14:08:27,init-script
a56fea33-c340-419b-80b8-99a43b7da77f,fec52701-626f-4381-ae8e-211c809f2754,,,,2025-11-08T14:08:27,init-script,2025-11-08T14:08:27,init-script
4ef8162f-b769-4a91-bd51-e468e85c077a,4f926913-9245-44af-b134-dd9633aff850,,,,2025-11-08T14:08:27,init-script,2025-11-08T14:08:27,init-script
440d9993-15d1-4a40-a263-669bfc063ac1,2eebf749-9139-4cfb-88ef-0fd7b880cdce,,,,2025-11-08T14:08:27,init-script,2025-11-08T14:08:27,init-script
23f9a647-b910-46d7-aac2-344c21679719,0106d751-fb2a-4fed-bcd1-c7254ce6cac3,,,,2025-11-08T14:08:27,init-script,2025-11-08T14:08:27,init-script
20e4a1bd-2ed5-4c9e-800a-c3f81ed76a15,9530feb2-5d38-479b-93b1-9bc0f83975bb,,,,2025-11-08T14:08:27,init-script,2025-11-08T14:08:27,init-script
f6894834-cc1a-48df-952b-ff07bea66e4c,9b5ec65a-60e3-438f-8851-77221bfa7728,,,,2025-11-08T14:08:27,init-script,2025-11-08T14:08:27,init-script
83f50412-0ccc-4118-aa9e-01de6002707e,35c7d649-5903-46c1-9a95-aaf2f61476d8,,,,2025-11-08T14:08:27,init-script,2025-11-08T14:08:27,init-script
d8c5c5f4-37d6-4e0a-8457-e1417e548fd7,571876cc-20bd-442e-8074-04c10be276c1,,,,2025-11-08T14:08:27,init-script,2025-11-08T14:08:27,init-script
e57b28a7-7cea-460e-b1f1-563037a78eda,0d4a56e5-443f-4b59-8704-ee1c0bfda0ec,,,,2025-11-08T14:08:27,init-script,2025-11-08T14:08:27,init-script
cf4683d5-2331-462c-9201-6a74eafcb016,3077da9d-bbc3-4c3e-abe2-418eaa841b0d,,,,2025-11-08T14:08:27,init-script,2025-11-08T14:08:27,init-script
d49e561b-320e-4320-a89c-9ea3725a2d16,606685e4-195c-4d5f-9986-08e151b8d152,,,,2025-11-08T14:08:27,init-script,2025-11-08T14:08:27,init-script
ecb7f87f-bf86-4cd7-a044-0678631a85f6,8679df73-a25f-4fc9-9171-243d5332f007,,,,2025-11-08T14:08:27,init-script,2025-11-08T14:08:27,init-script
e9eb20ea-238a-4eaa-83b7-6b095f7dc184,9707994d-a1aa-4e82-8358-48fda42f951f,,,,2025-11-08T14:08:27,init-script,2025-11-08T14:08:27,init-script
6575bb82-cdae-474a-9ec6-f5a7701bc000,0737e75a-f833-423e-982c-2982fb4a368b,,,,2025-11-08T14:08:27,init-script,2025-11-08T14:08:27,init-script
a69cce40-c96a-46ed-96b9-4f1205414c10,bafb2d63-1fa8-464b-bbae-8a3182dec489,,,,2025-11-08T14:08:27,init-script,2025-11-08T14:08:27,init-script
9c28b454-5605-42e6-8517-a9b7ab47cbc6,32ac6bad-a448-460e-8f03-4025a0e1bc5d,,,,2025-11-08T14:08:27,init-script,2025-11-08T14:08:27,init-script
b8814003-aabf-4d20-8e5f-14abad89c61e,3c3e3f35-2b11-407c-842a-8dee42f77f44,,,,2025-11-08T14:08:27,init-script,2025-11-08T14:08:27,init-script
dbf4f85a-a85f-4e34-a4c1-797efc49ea33,fc59c8ec-7669-4ce9-b84a-054db246b27c,,,,2025-11-08T14:08:27,init-script,2025-11-08T14:08:27,init-script
aba02434-642c-442e-97ee-62640517cfc0,dd7f5f5c-bbbd-4eb7-846a-e4192ac9c704,,,,2025-11-08T14:08:27,init-script,2025-11-08T14:08:27,init-script
533be4cd-f312-4997-b9ce-bc8b5ba6355c,6cedf8bb-7dbc-4465-93b6-88ee4d46f348,,,,2025-11-08T14:08:27,init-script,2025-11-08T14:08:27,init-script
6b86a7a2-8747-4df4-8cf0-91982bbbb9ae,2c68e497-974f-4cd3-b014-88283b9bfa0e,,,,2025-11-08T14:08:27,init-script,2025-11-08T14:08:27,init-script
78df8a56-f9c9-440f-bc2b-8f6d910c8e5d,9953a2a2-fe43-4bd9-b354-79b2348122bc,,,,2025-11-08T14:08:27,init-script,2025-11-08T14:08:27,init-script
11504a68-0429-4cd4-835e-80e556b4fc73,3448c257-62fd-415a-9435-38a85bd7c5a5,,,,2025-11-08T14:08:27,init-script,2025-11-08T14:08:27,init-script
915ad411-f229-4c59-9058-79f71c1fdf51,97fdfe1e-d1ab-4efc-a903-350cebe19362,,,,2025-11-08T14:08:27,init-script,2025-11-08T14:08:27,init-script
1a7f34df-5940-417c-8318-ba47aa15e308,4c10e604-e32b-44fc-93ae-07826149a778,,,,2025-11-08T14:08:27,init-script,2025-11-08T14:08:27,init-script
c8bcf49c-bcd6-4a23-9755-3b59545227a0,186ae662-65ba-49a9-b92e-f11df5d208a0,,,,2025-11-08T14:08:27,init-script,2025-11-08T14:08:27,init-script
a0046507-2cdb-4ff3-84e9-d71bd59a68a3,cffbc30d-bc63-43e8-b75c-3ace968bdabd,,,,2025-11-08T14:08:27,init-script,2025-11-08T14:08:27,init-script
88d38872-f809-4555-9654-8b06d569ddf6,d4543ad8-5d0d-4e91-8cd2-f1d01ad52ff0,,,,2025-11-08T14:08:27,init-script,2025-11-08T14:08:27,init-script
15290d77-5948-4226-a341-2062090fa4dd,fa466e8a-5ac2-42e4-90f0-6fe622b9e92a,,,,2025-11-08T14:08:27,init-script,2025-11-08T14:08:27,init-script
c6a7d2ed-795d-4b00-aef9-e08694837bb9,ce68930c-781a-4288-92cf-9ad8d6619741,,,,2025-11-08T14:08:27,init-script,2025-11-08T14:08:27,init-script
491851fe-755b-4a96-82b9-92f6fd7bcf1e,71486483-68ef-4734-b13d-12179d4cf0f8,,,,2025-11-08T14:08:27,init-script,2025-11-08T14:08:27,init-script
73fa022d-5304-43d9-9931-e75f2bbbe059,57c01bbd-0a59-4a7d-b5ac-9afa9dccce82,,,,2025-11-08T14:08:27,init-script,2025-11-08T14:08:27,init-script
8e0be08d-6c45-414d-b35b-8f8eb959b4de,6db9708d-9480-48db-a557-b098a276c301,,,,2025-11-08T14:08:27,init-script,2025-11-08T14:08:27,init-script
552145e5-4684-4364-9159-67b8ab7b54ea,222d2306-7263-4fdb-a1e1-d8cf1583a674,,,,2025-11-08T14:08:27,init-script,2025-11-08T14:08:27,init-script
5191f336-a24f-4773-9114-76c71e18906e,12645e53-a2cb-484d-8ead-6a025b906d7d,,,,2025-11-08T14:08:27,init-script,2025-11-08T14:08:27,init-script
052c78f4-768c-44fe-8d0a-8058f30cb7ea,dab9c860-c614-48a0-a7cf-f0f2e7882093,,,,2025-11-08T14:08:27,init-script,2025-11-08T14:08:27,init-script
f1019424-6f76-4844-a055-047177d809d0,7ded928c-e707-4953-bb16-e767aeff0c0f,,,,2025-11-08T14:08:27,init-script,2025-11-08T14:08:27,init-script
36a1de31-7804-4ef6-b27b-968f18f682d8,c77a8a9e-8bc3-47fc-8178-6f8604fe3a1a,,,,2025-11-08T14:08:27,init-script,2025-11-08T14:08:27,init-script
c3f483a8-b7aa-4e4c-915a-f2264a237fce,dec214b3-1aaf-4221-a8af-bf188b859103,,,,2025-11-08T14:08:27,init-script,2025-11-08T14:08:27,init-script
4e60d3b8-8cfe-47ba-9cc5-a96f0d791b89,0495706f-aa51-4246-8062-99b49ad3f570,,,,2025-11-08T14:08:27,init-script,2025-11-08T14:08:27,init-script
b9b8c898-b993-4b0c-be93-e900c430bdc9,f632e9eb-93ae-4b5d-af83-d36bec3e6cd7,,,,2025-11-08T14:08:27,init-script,2025-11-08T14:08:27,init-script
9829873e-67c5-4669-9fb9-a0009058a9bc,798e3f04-78df-4f35-82ad-7887963c94b9,,,,2025-11-08T14:08:27,init-script,2025-11-08T14:08:27,init-script
c0c62e8b-45fe-416f-86b8-b14bfcf7481d,6b35779f-3f67-4a19-97ac-484000c412bf,,,,2025-11-08T14:08:27,init-script,2025-11-08T14:08:27,init-script
1614245d-92d0-4906-9224-bf92455a59b3,1dedc15c-d5c2-441e-9b5a-b47643585a13,,,,2025-11-08T14:08:27,init-script,2025-11-08T14:08:27,init-script
dabce6af-f2d0-4c88-87e7-65c0d51e8422,c340a6db-7700-4d0e-b459-65c9367e09ed,,,,2025-11-08T14:08:27,init-script,2025-11-08T14:08:27,init-script
2a737c29-dd96-44e4-9df2-fed01b020df3,a33c12bd-135e-4904-aee0-bd6ded0c0cea,,,,2025-11-08T14:08:27,init-script,2025-11-08T14:08:27,init-script
a8e37272-a1e1-4d47-af2c-3c919a226f98,f33029a4-f8b9-42af-a638-f0f9c0ff4ac4,,,,2025-11-08T14:08:27,init-script,2025-11-08T14:08:27,init-script
698cfe68-9782-46e3-94ed-4078a068e483,63776eb9-1390-4fb5-bf8c-fdcb9afbd074,,,,2025-11-08T14:08:27,init-script,2025-11-08T14:08:27,init-script
48c1d962-3045-49c7-a264-ada0331ccf94,9e9ef818-81a9-498f-b64b-d2d2afffe595,,,,2025-11-08T14:08:27,init-script,2025-11-08T14:08:27,init-script
d42b6701-4c9f-446b-bb4c-984ff84dcd18,9e92e4ec-1ff7-4e20-a42c-f5274ee1d6e7,,,,2025-11-08T14:08:27,init-script,2025-11-08T14:08:27,init-script
1c3f4c0d-0335-4f9b-a5bd-6036b5e9d9fe,bd0d6cb6-549f-43ac-b1ad-5e9288fbae5f,,,,2025-11-08T14:08:27,init-script,2025-11-08T14:08:27,init-script
2634040c-e742-4e17-8e68-f8aae3f3dd5d,b71e2302-b990-45b8-ad58-bd84e80a5f7a,,,,2025-11-08T14:08:27,init-script,2025-11-08T14:08:27,init-script
3d70aaff-f0c8-4515-9507-fee443220895,56a080ed-72e8-47cf-aca5-eff77170afb6,,,,2025-11-08T14:08:27,init-script,2025-11-08T14:08:27,init-script
45bc5030-e4af-44bb-a53a-70eb6e8d242c,4684e3f6-c958-4dcb-bde3-685ed21ece15,,,,2025-11-08T14:08:27,init-script,2025-11-08T14:08:27,init-script
e8f57486-ca1d-493b-ba15-cf1762153b88,8230e353-e488-4544-8c03-e61b730ca278,,,,2025-11-08T14:08:27,init-script,2025-11-08T14:08:27,init-script
ca1988b1-4870-4f74-b2ab-cc143b184106,327fc877-938a-41e9-938a-7772fecdd264,,,,2025-11-08T14:08:27,init-script,2025-11-08T14:08:27,init-script
e5eb54fd-44aa-4ce4-ba4a-cb1d2b793e36,772b7524-a0ca-45af-8664-e04590de2f0f,,,,2025-11-08T14:08:27,init-script,2025-11-08T14:08:27,init-script
b7429149-6182-4ab8-b6b9-c2aab2b460af,3e17bd11-6180-4890-a5ce-f1701c992d55,,,,2025-11-08T14:08:27,init-script,2025-11-08T14:08:27,init-script
7c371b3c-5176-4946-af8d-45c8f7875783,7fbad6e0-2758-4108-80e7-f08352ec568c,,,,2025-11-08T14:08:27,init-script,2025-11-08T14:08:27,init-script
067f89f3-cc7d-4e98-9ed6-35530a109299,969f6cdd-b933-4d16-befe-33305c3d08c6,,,,2025-11-08T14:08:27,init-script,2025-11-08T14:08:27,init-script
b14e78c9-086f-49dc-8ae3-728b8f0485e0,83af464a-eb27-4fe8-9da0-cd037ebee826,,,,2025-11-08T14:08:27,init-script,2025-11-08T14:08:27,init-script
559da1d6-f1ba-430c-bb64-34b7e76423fb,82a83158-ee6a-4f60-a024-67f451346964,,,,2025-11-08T14:08:27,init-script,2025-11-08T14:08:27,init-script
c81d3d58-fec7-4b4a-81e4-e1c75875a776,7aa05728-f80b-4903-b975-d225e90bb5bc,,,,2025-11-08T14:08:27,init-script,2025-11-08T14:08:27,init-script
09309ac5-82fe-4fd7-8012-5b1b83ca051c,5560a5a5-2cb0-4305-a9fb-5ea78d404917,,,,2025-11-08T14:08:27,init-script,2025-11-08T14:08:27,init-script
228879f1-a18c-4b24-9386-e844370a676c,4f6b82f4-6008-44e1-a848-c86b1d754e61,,,,2025-11-08T14:08:27,init-script,2025-11-08T14:08:27,init-script
faf7e8e2-7705-4b93-97b4-69e4bafefb9c,0897833c-7b82-4a46-ab01-667a76cf9e7e,,,,2025-11-08T14:08:27,init-script,2025-11-08T14:08:27,init-script
54c3e92b-ac5a-4c81-9df1-57347b634bc4,f313fda4-dbb0-49e1-97a5-ca8b897ac6cf,,,,2025-11-08T14:08:27,init-script,2025-11-08T14:08:27,init-script
ae60c3c3-443b-4187-9cbb-a5eabbf7a8a8,7968b3c5-7e15-4c83-a575-b2a0b2a3b423,,,,2025-11-08T14:08:27,init-script,2025-11-08T14:08:27,init-script
83cfd22f-1346-4397-9a9d-248b54230a1c,c6cea9a3-a5bc-4ce7-918b-d79caffe7997,,,,2025-11-08T14:08:27,init-script,2025-11-08T14:08:27,init-script
f2796027-e3f7-4f97-8f57-fda4b16c27c2,f77bb617-bb5b-45e8-abf5-80d304a04032,,,,2025-11-08T14:08:27,init-script,2025-11-08T14:08:27,init-script
3d6b799a-0e08-4e34-8b87-1f9d1647a7e3,a7e7d309-c462-41c8-82cc-1779dba0f97f,,,,2025-11-08T14:08:27,init-script,2025-11-08T14:08:27,init-script
6b8d61fa-3c3c-466b-aa8a-ccf080e34a96,2d579a95-c011-4b5b-8895-aa9221cc841c,,,,2025-11-08T14:08:27,init-script,2025-11-08T14:08:27,init-script
7027c07b-968d-4f9a-aa15-9bd9f6de02f8,a620778a-3259-4b07-8e6e-480f1abbe279,,,,2025-11-08T14:08:27,init-script,2025-11-08T14:08:27,init-script
a5b1a041-ae25-4cbe-b8d7-061f8bf38484,790d601b-5747-4867-89e2-1060f6e4969e,,,,2025-11-08T14:08:27,init-script,2025-11-08T14:08:27,init-script
c6a82ff1-729e-498c-99bf-487d89fd7f3b,01c57649-6f7e-43d5-ba86-8ae69a971547,,,,2025-11-08T14:08:27,init-script,2025-11-08T14:08:27,init-script
3bd0e021-985b-4cb4-8266-f3c4c0e4de67,8f72fba2-2980-47bb-859e-5c5a0a850b67,,,,2025-11-08T14:08:27,init-script,2025-11-08T14:08:27,init-script
fbd62106-936c-4903-a5b2-b50de1c602ae,d15f9c82-06ab-4df5-a51c-7b3ea87882bb,,,,2025-11-08T14:08:27,init-script,2025-11-08T14:08:27,init-script
62250839-18a0-4707-9402-d344fced6ba1,704edfe3-b625-4bf2-8da6-2dc353993df5,,,,2025-11-08T14:08:27,init-script,2025-11-08T14:08:27,init-script
c41e0340-5816-46f2-81ae-f079d61d1932,5f6bec65-0dae-42b7-83ab-d1fdb16556e4,,,,2025-11-08T14:08:27,init-script,2025-11-08T14:08:27,init-script
278aeba1-6612-4e50-944a-e5728950dd4f,7191ea28-c3bf-4bf8-a03e-0303e7fd02cd,,,,2025-11-08T14:08:27,init-script,2025-11-08T14:08:27,init-script
c7f9fee9-9902-47b0-910e-516817a1c2ca,9425d1c0-8af1-422a-bcfa-a0868824447c,,,,2025-11-08T14:08:27,init-script,2025-11-08T14:08:27,init-script
ff0938a1-f590-4ea6-94d2-1beac2d36621,f4a4f275-7db2-4512-aa4d-1ca6d3ce86f4,,,,2025-11-08T14:08:27,init-script,2025-11-08T14:08:27,init-script
c3cdea09-88d9-4c9a-a35a-725cee8a396a,0ec18754-6c77-4cc0-8bea-d506983f798c,,,,2025-11-08T14:08:27,init-script,2025-11-08T14:08:27,init-script
229f7fdb-e86a-4db6-8da5-272da6e4bbc5,8309f15a-da6b-4373-9be0-b4dac53d1202,,,,2025-11-08T14:08:27,init-script,2025-11-08T14:08:27,init-script
860890c1-f7dd-49c6-8cf9-a19603f7173a,74400fd5-a5e9-4d2f-869b-2afa1fee5022,,,,2025-11-08T14:08:27,init-script,2025-11-08T14:08:27,init-script
08c96e02-bb30-4533-b3a8-db618207ad70,89a03f09-07aa-43d8-8988-502458329d84,,,,2025-11-08T14:08:27,init-script,2025-11-08T14:08:27,init-script
dd702f0f-b17f-4064-8feb-47cefb70e387,558fb6b1-2b84-4872-9ecd-e9103bf36409,,,,2025-11-08T14:08:27,init-script,2025-11-08T14:08:27,init-script
580ae721-ab53-4afa-a3a2-005d9c3d6110,d4843b9a-e726-4be7-8e4a-7fe6e90eb201,,,,2025-11-08T14:08:27,init-script,2025-11-08T14:08:27,init-script
c3318893-23f6-49a8-808d-84f592991564,ae61c418-e08d-407c-bff9-581e1f9165c2,,,,2025-11-08T14:08:27,init-script,2025-11-08T14:08:27,init-script
4dffbaed-efaa-486a-8162-80216af3436b,5c100707-9e6b-4a51-86a5-df66c7eab46c,,,,2025-11-08T14:08:27,init-script,2025-11-08T14:08:27,init-script
2da78c35-8b10-4a30-b5d6-efed07d6160d,0bd13cfa-483d-426f-b253-24b079559faf,,,,2025-11-08T14:08:27,init-script,2025-11-08T14:08:27,init-script
a107ce15-112f-4d74-a8b8-437d57c73f5c,78b0c7b3-469f-4dd0-ab4e-e25931d9ecef,,,,2025-11-08T14:08:27,init-script,2025-11-08T14:08:27,init-script
b11cae8f-6a13-4ff4-8e7e-f19d52c8a7bd,6b6edfa2-feef-476e-8bec-018d14edd9be,,,,2025-11-08T14:08:27,init-script,2025-11-08T14:08:27,init-script
26495bec-e1a2-42ce-907f-0f91a8126c91,e5154e2c-eee1-47c4-8d18-574778ad76f8,,,,2025-11-08T14:08:27,init-script,2025-11-08T14:08:27,init-script
01726e37-27f9-4abf-86eb-b4d68ed062c5,2cd6cd6a-d281-4e9a-9eda-11a79edfc30c,,,,2025-11-08T14:08:27,init-script,2025-11-08T14:08:27,init-script
5fa57473-8f69-4a59-8541-60edcadd081b,e2c6936f-6e89-40a4-8ca5-92f9fa3963ce,,,,2025-11-08T14:08:27,init-script,2025-11-08T14:08:27,init-script
bef9b04c-38a9-4fc1-9df2-ffe658ba5633,e6acde23-970c-4253-81ba-a2dac98f5c69,,,,2025-11-08T14:08:27,init-script,2025-11-08T14:08:27,init-script
1d0a880a-353a-4ba3-82c0-bba8da4fe48d,e82e1a89-665e-41b0-91a5-0e8282917264,,,,2025-11-08T14:08:27,init-script,2025-11-08T14:08:27,init-script
0a9a2c8f-0f75-4973-897a-e9582ec06f81,0e615b48-21b5-4136-889a-a927341ec813,,,,2025-11-08T14:08:27,init-script,2025-11-08T14:08:27,init-script
523c6381-ec0e-40f7-945c-b04b595b346b,27854024-1222-4a16-89bd-dadddc141594,,,,2025-11-08T14:08:27,init-script,2025-11-08T14:08:27,init-script
20f2c529-9184-444d-8715-f51553f3c79f,2f421e7d-9f27-4f0d-a337-211d7666b446,,,,2025-11-08T14:08:27,init-script,2025-11-08T14:08:27,init-script
4cb01f00-bc45-433d-a04e-7e39cb317800,adeb691c-96d3-4b3c-a966-e1a0957caf21,,,,2025-11-08T14:08:27,init-script,2025-11-08T14:08:27,init-script
6357855f-21b3-42dd-a073-fd81d2275a2a,79cce8f9-cab1-418b-b102-259067848c9a,,,,2025-11-08T14:08:27,init-script,2025-11-08T14:08:27,init-script
5163587b-12f4-4f75-9216-3cb2a54b506e,8db8252f-6fdc-4a84-82cd-995d3be22b94,,,,2025-11-08T14:08:27,init-script,2025-11-08T14:08:27,init-script
b423e1b9-fb73-408f-abe4-2d1a07945620,3762a035-fe1a-4632-b126-08aaad7dd966,,,,2025-11-08T14:08:27,init-script,2025-11-08T14:08:27,init-script
43c08027-0569-41aa-a36b-b445b144653d,ec4a685a-353d-45aa-ad78-6c9ae00531df,,,,2025-11-08T14:08:27,init-script,2025-11-08T14:08:27,init-script
c09327c9-ee78-456f-bd24-df89b360c8f6,a92141e6-e2d0-4d15-8c8f-fa99797ad5fd,,,,2025-11-08T14:08:27,init-script,2025-11-08T14:08:27,init-script
5d429b40-2d28-4f0f-a31b-892f2a9b5eb9,6bf40fea-ab29-40a1-acb8-8ffefbb29cdd,,,,2025-11-08T14:08:27,init-script,2025-11-08T14:08:27,init-script
d783d28e-936f-4640-bd91-f0d2fcc3cb51,f77b2e4b-ad88-472f-96ec-f4ab1b2e1428,,,,2025-11-08T14:08:27,init-script,2025-11-08T14:08:27,init-script
ff1cdbf5-9ea9-41a7-9aa0-cee7e5420469,cfca9012-1394-428d-919e-1149c10142a1,,,,2025-11-08T14:08:27,init-script,2025-11-08T14:08:27,init-script
ab669508-52fd-4400-8d5d-89a1af10c4f4,f65cd4c7-9286-479c-8297-7904b3540cdc,,,,2025-11-08T14:08:27,init-script,2025-11-08T14:08:27,init-script
16c16ae2-f0fc-4be5-9cf6-33542566ecba,d738a814-0dfc-4710-af94-7a4bb533e1b4,,,,2025-11-08T14:08:27,init-script,2025-11-08T14:08:27,init-script
97e18021-5aa5-4ef1-b11b-cd32fdce7243,9e7bf27d-9a79-4d9b-96a0-54a9de36cc90,,,,2025-11-08T14:08:27,init-script,2025-11-08T14:08:27,init-script
0bdd9c8f-2732-4553-bb37-a7587429cd9e,05986d66-dc47-455c-b85c-cde714f157bb,,,,2025-11-08T14:08:27,init-script,2025-11-08T14:08:27,init-script
9df6ab50-e6bc-45e5-b9ac-264a46c25afc,51df0041-7ae2-4a35-9fc8-fbc958ca0a76,,,,2025-11-08T14:08:27,init-script,2025-11-08T14:08:27,init-script
669fc1f1-bca4-4f99-bd1f-8a9a83de1092,56512b05-dec2-4b6f-9169-44ed495eb670,,,,2025-11-08T14:08:27,init-script,2025-11-08T14:08:27,init-script
3d3062ac-4983-4a37-a832-66703f5e5f30,5c53bf64-b145-4cd9-bd8f-68693363697f,,,,2025-11-08T14:08:27,init-script,2025-11-08T14:08:27,init-script
2b6d0d1e-ee5d-4e3f-a2ab-f1673c065ff6,6e34fc55-4cd8-482f-96ab-5a0e5b827106,,,,2025-11-08T14:08:27,init-script,2025-11-08T14:08:27,init-script
2000f2b9-1dd5-4f1c-9a56-4003aa58f240,44f161b0-6ed1-4478-a675-a62cb08d0cb5,,,,2025-11-08T14:08:27,init-script,2025-11-08T14:08:27,init-script
30ef39fc-468e-4126-95c4-213c29f8b878,ccf78bb0-592a-42d1-b6e6-c6df0143ba95,,,,2025-11-08T14:08:27,init-script,2025-11-08T14:08:27,init-script
89753eaa-dad8-4443-afb2-1c6bd5c3f5a1,4540f38f-048f-40b6-8a5e-8b6bf930cf8f,,,,2025-11-08T14:08:27,init-script,2025-11-08T14:08:27,init-script
3db81a99-9847-48bb-a2a3-2859716a9877,b8fe1f3b-f9bb-45f7-a47d-43775978a3e4,,,,2025-11-08T14:08:27,init-script,2025-11-08T14:08:27,init-script
0f31a70b-7667-4f1d-8867-1fbcda212e1b,b13469fb-a583-4f64-9331-4dba6c167d67,,,,2025-11-08T14:08:27,init-script,2025-11-08T14:08:27,init-script
a5072721-fe3b-4f95-aa99-515635baaec0,dddff3a5-5ce3-447f-a1eb-8a3f91927b80,,,,2025-11-08T14:08:27,init-script,2025-11-08T14:08:27,init-script
2f34642e-77ec-4773-9a66-75eb6bb1283a,f0a99c66-9b5d-4717-8ef9-70c490b8cdbd,,,,2025-11-08T14:08:27,init-script,2025-11-08T14:08:27,init-script
a89e7e71-77d7-492b-93a8-5392cc6bd7ab,c1d26e3c-f82e-4439-b98f-cdd5e852ffc1,,,,2025-11-08T14:08:27,init-script,2025-11-08T14:08:27,init-script
1889a499-f2ae-4a75-b784-b2b4df031740,beed32ef-de65-4bad-bbd4-1c6fbf9b4800,,,,2025-11-08T14:08:27,init-script,2025-11-08T14:08:27,init-script
798d1d33-ba2c-4477-a62e-58323ead1efc,53f5b675-d85c-4ab4-b557-5eeeb17fc757,,,,2025-11-08T14:08:27,init-script,2025-11-08T14:08:27,init-script
7300c7f9-141f-4c86-8c8c-f657f0232ee9,56bc1c56-ff0c-4718-8725-800cdfeba7e2,,,,2025-11-08T14:08:27,init-script,2025-11-08T14:08:27,init-script
5c9c011f-f37c-4298-9944-aa020279d091,6c07d573-bdea-4e92-8c3c-5a7506cae769,,,,2025-11-08T14:08:27,init-script,2025-11-08T14:08:27,init-script
27c97c3c-d514-4c41-ab81-29daa8403bf5,6fde5947-4af7-4439-bd7c-7fc375af82b4,,,,2025-11-08T14:08:27,init-script,2025-11-08T14:08:27,init-script
fd4511fc-106d-4086-a659-cac95ba82258,b86a2f04-32c1-4fd2-b445-c8f4cda2c7f1,,,,2025-11-08T14:08:27,init-script,2025-11-08T14:08:27,init-script
36f9fa4b-9f2e-45e1-bf95-1cdf17155ec2,4daebda1-54e7-44b5-9d6c-58a9904a1694,,,,2025-11-08T14:08:27,init-script,2025-11-08T14:08:27,init-script
3c1be7bd-420f-403f-99eb-5f75137f0ebf,ef50c0ed-6e16-4f36-95ae-531aee19d8ae,,,,2025-11-08T14:08:27,init-script,2025-11-08T14:08:27,init-script
126a58aa-cafe-4676-895d-4a6d683f15f4,ea96fefd-b506-4c28-a752-88f0f9dd9b2a,,,,2025-11-08T14:08:27,init-script,2025-11-08T14:08:27,init-script
71ce7c9c-b980-4ada-9338-c6dbdd868f52,fcac9649-2b7d-4674-a4a9-f6895299476a,,,,2025-11-08T14:08:27,init-script,2025-11-08T14:08:27,init-script
069bfb94-e51f-4476-89c1-214ab580a15c,4078637b-8f3e-4fb9-8f6b-f744b190164d,,,,2025-11-08T14:08:27,init-script,2025-11-08T14:08:27,init-script
ebcdae05-d807-48b3-9440-ebde44630cbb,4d1e589a-b72d-4eeb-89ec-85b74b8f3df5,,,,2025-11-08T14:08:27,init-script,2025-11-08T14:08:27,init-script
25be76ac-72fb-4bdb-a34c-1f3a1a6bb83d,6056cc43-6a8c-45b5-a0f8-e197bc14f61a,,,,2025-11-08T14:08:27,init-script,2025-11-08T14:08:27,init-script
ad09195b-5c53-4a6c-b1fe-b5fb399de655,55be4af4-1bb3-4a7e-9b18-96e473f836fd,,,,2025-11-08T14:08:27,init-script,2025-11-08T14:08:27,init-script
c22c5543-6f69-4ac1-9462-34797423b442,5978d3d5-fe15-40dc-b1f5-7cfaecdf7da4,,,,2025-11-08T14:08:27,init-script,2025-11-08T14:08:27,init-script
4de821b1-561e-42e4-af31-5f8bbc00343d,acf1713e-e881-4200-b7c8-c3f319d7b4c6,,,,2025-11-08T14:08:27,init-script,2025-11-08T14:08:27,init-script
5e8d991b-d398-42e3-97f9-0179b680312b,e6488b7d-eee9-4fe4-9a0f-ecc2352159fc,,,,2025-11-08T14:08:27,init-script,2025-11-08T14:08:27,init-script
965b8275-6883-4bc5-b211-5f9ca4029de1,4b185f47-9617-4ce2-b37b-c4126143621b,,,,2025-11-08T14:08:27,init-script,2025-11-08T14:08:27,init-script
0c246347-e37e-42ea-980f-43f27835db64,271ae8e2-cdde-4060-8aee-8eba6e8b833c,,,,2025-11-08T14:08:27,init-script,2025-11-08T14:08:27,init-script
85b74f6e-5fb4-478e-b045-0788915cb452,e00a48f7-3481-424a-8782-f71e51c367b7,,,,2025-11-08T14:08:27,init-script,2025-11-08T14:08:27,init-script
f7b711c0-92be-4e79-aef1-1c292edb08f0,8b23dc3d-064f-4d65-b94f-4fbbbbb77479,,,,2025-11-08T14:08:27,init-script,2025-11-08T14:08:27,init-script
d9c2eeb4-7cf8-4038-916d-78c80fc3e3f8,12ba3ff8-83a2-499a-8dd7-393619ff075c,,,,2025-11-08T14:08:27,init-script,2025-11-08T14:08:27,init-script
c55fb072-97d3-4cce-aab7-372b2030618a,d8fb5eae-659d-480a-b733-f9cd7f546f8c,,,,2025-11-08T14:08:27,init-script,2025-11-08T14:08:27,init-script
1bb633b1-9c5c-49a4-a8ad-5b0688628173,da8b10ce-c8c0-43bb-84eb-a09ee3684970,,,,2025-11-08T14:08:27,init-script,2025-11-08T14:08:27,init-script
51bfbb00-7555-42ee-b3e2-ac5072060b68,5ec90d8e-7ce5-42e8-8869-9897e09b1773,,,,2025-11-08T14:08:27,init-script,2025-11-08T14:08:27,init-script
29ea6c0b-e594-4676-8693-5fcdb33c92c6,a170a59c-863b-46c1-b752-63da13babf9a,,,,2025-11-08T14:08:27,init-script,2025-11-08T14:08:27,init-script
518fec38-644e-408c-96de-689440f0a090,5550acd6-e75a-49ff-aaaa-5380218b2ddd,,,,2025-11-08T14:08:27,init-script,2025-11-08T14:08:27,init-script
04c5970e-ae16-4f83-bbbd-61bab2bab5b9,5822b267-7323-4272-a447-b024d4604071,,,,2025-11-08T14:08:27,init-script,2025-11-08T14:08:27,init-script
03a117eb-401e-423a-aa2d-f497fdc2c868,898ded6a-e0b0-41a6-9c23-ec7106dfaa5d,,,,2025-11-08T14:08:27,init-script,2025-11-08T14:08:27,init-script
d717b356-36f2-48f2-a282-7cc041ac7995,cbf9169d-c1e2-4b2d-8c20-f2d5ab8159b3,,,,2025-11-08T14:08:27,init-script,2025-11-08T14:08:27,init-script
05a5f1c8-a0ea-4e31-b052-d3acf0567c1f,28a3a445-f733-471a-9628-9255f2f70760,,,,2025-11-08T14:08:27,init-script,2025-11-08T14:08:27,init-script
96ff08db-0a99-4860-9925-94b9391643d9,46c60e73-9fa7-4cd0-b191-1fb16055507a,,,,2025-11-08T14:08:27,init-script,2025-11-08T14:08:27,init-script
50964c15-75d7-437f-bd73-620c31aebee5,84143a6a-eb2a-4f0c-9a6f-449899571b19,,,,2025-11-08T14:08:27,init-script,2025-11-08T14:08:27,init-script
095d6237-e750-48b0-8db5-e054c1f8882f,5c19135e-df6b-4929-800b-7ae115dba405,,,,2025-11-08T14:08:27,init-script,2025-11-08T14:08:27,init-script
914359a0-e632-4aeb-af70-cd81f650c909,9b083fb8-0c01-46b2-a7c6-2eded8312bb9,,,,2025-11-08T14:08:27,init-script,2025-11-08T14:08:27,init-script
337a2b01-9bbb-45ea-8470-1789bf945a41,529a359c-00b0-408b-b2d6-17fda999fdcb,,,,2025-11-08T14:08:27,init-script,2025-11-08T14:08:27,init-script
d7de381b-9d6d-4c3a-976b-98415c37a225,1cc10f89-b069-4c7b-8d59-44eb90b9885d,,,,2025-11-08T14:08:27,init-script,2025-11-08T14:08:27,init-script
851b51d7-e341-43e4-b849-ae378312baf3,62ffbd35-ecd4-420f-b1d0-21888dfb8577,,,,2025-11-08T14:08:27,init-script,2025-11-08T14:08:27,init-script
863ac774-7992-4b2e-b2de-790dd3b5b27f,d4572243-4d24-4ead-b46f-ec7e64f21cef,,,,2025-11-08T14:08:27,init-script,2025-11-08T14:08:27,init-script
b428dd82-cbe3-43bb-bbdb-d62572bc14f2,add065ae-57f1-4e73-bfb7-0e6e0fa6d3de,,,,2025-11-08T14:08:27,init-script,2025-11-08T14:08:27,init-script
67527dcb-f6db-4132-b0df-0ef48d8a7214,2a1fa2aa-0893-4478-bd0e-7e73309fde86,,,,2025-11-08T14:08:27,init-script,2025-11-08T14:08:27,init-script
92b65f0c-5dc0-43e1-b235-dc9045135f98,856f585d-5ed7-4434-b2f0-f13b069ca62d,,,,2025-11-08T14:08:27,init-script,2025-11-08T14:08:27,init-script
86babd1d-c265-43fc-8e79-e578d6fc98ce,5f5c2d0b-2904-4eda-8a2a-8aa9ae890d6c,,,,2025-11-08T14:08:27,init-script,2025-11-08T14:08:27,init-script
96716c81-39bb-4d48-bfbc-abfbdd283925,88d403de-997c-4c03-b8d8-112774b95b25,,,,2025-11-08T14:08:27,init-script,2025-11-08T14:08:27,init-script
0b8ba037-f747-4b6b-8274-06c13d1211c7,b23c9008-3629-466b-a80c-f9ac8ebebba8,,,,2025-11-08T14:08:27,init-script,2025-11-08T14:08:27,init-script
c852c1d7-05d9-4999-a9d5-72749f0384b1,86f642ce-c3ba-4254-a10a-deaebc60514a,,,,2025-11-08T14:08:27,init-script,2025-11-08T14:08:27,init-script
25b829b6-f586-4a5b-a762-24ad70a3ebe5,4d7ac7f9-f453-415f-9469-20ececfa76c4,,,,2025-11-08T14:08:27,init-script,2025-11-08T14:08:27,init-script
ffe2c495-f3c7-4738-a392-8e7b11b870d7,ec390e16-079d-4838-8a02-9e09c8a4fbf2,,,,2025-11-08T14:08:27,init-script,2025-11-08T14:08:27,init-script
a8193afe-2920-465e-92d2-aa9f45dc5c47,ee01492e-3791-4913-9832-2402433965e6,,,,2025-11-08T14:08:27,init-script,2025-11-08T14:08:27,init-script
b9837fe1-6ebe-4b3f-acc4-eb4797bdc57c,e58e961a-4144-4c99-9587-322fb8666796,,,,2025-11-08T14:08:27,init-script,2025-11-08T14:08:27,init-script
14c3c8f0-baec-4586-9768-932b4ef4a7fb,c3470e44-8466-489c-9ac1-f5aa5a84de5c,,,,2025-11-08T14:08:27,init-script,2025-11-08T14:08:27,init-script
63829523-e880-45f0-9798-9e26a1765209,288f33bb-e3e6-42dd-a3b6-00250f880503,,,,2025-11-08T14:08:27,init-script,2025-11-08T14:08:27,init-script
3105c3ca-ab78-4144-afdb-512ce8cb719b,ab9fb7eb-34a8-4e26-bf10-ca31799704bc,,,,2025-11-08T14:08:27,init-script,2025-11-08T14:08:27,init-script
6885e2c4-7c4e-4f01-89f7-618eb99a61b4,e6449697-c490-4690-a9a7-05c80ca18f9f,,,,2025-11-08T14:08:27,init-script,2025-11-08T14:08:27,init-script
bb3edd09-86aa-4210-bb50-683c4064edc5,feef7021-d2e0-40c9-a5ff-8faefc6a2c03,,,,2025-11-08T14:08:27,init-script,2025-11-08T14:08:27,init-script
1d6f834c-141b-46bf-be09-9a69ea5c6cc2,43163564-895b-4d57-b134-2e1a1a325788,,,,2025-11-08T14:08:27,init-script,2025-11-08T14:08:27,init-script
00fe0619-2603-4148-a534-7c979f5e0968,394f51f4-7fd0-46ef-93da-3aaa66cd4a89,,,,2025-11-08T14:08:27,init-script,2025-11-08T14:08:27,init-script
a5dca849-1830-42c3-a427-241467f3c33e,54db03ac-cbc9-4cc4-b213-9fce89ac79dc,,,,2025-11-08T14:08:27,init-script,2025-11-08T14:08:27,init-script
8f980f1f-a802-47b0-ba6a-2ba933cdaee2,8c296586-8e15-4cdd-99d5-33f855f05f95,,,,2025-11-08T14:08:27,init-script,2025-11-08T14:08:27,init-script
fbfd5a13-a005-440b-9d0b-6a50b779f87f,73fbf8f8-7a87-4176-899f-0421f0368e67,,,,2025-11-08T14:08:27,init-script,2025-11-08T14:08:27,init-script
0b5c7d65-39c4-407a-8d26-922473a0aa53,3e1cfd1a-3511-43f6-ab2b-982f82c76d41,,,,2025-11-08T14:08:27,init-script,2025-11-08T14:08:27,init-script
de54e0c4-3e21-4a14-85d3-0406813c3bf0,d12f6caa-5c82-47fc-9fad-227341eded44,,,,2025-11-08T14:08:27,init-script,2025-11-08T14:08:27,init-script
4cd95daa-eeae-49e1-82cf-30ebe3a98c00,af8564cd-6d78-4230-96ce-902ea1214b2b,,,,2025-11-08T14:08:27,init-script,2025-11-08T14:08:27,init-script
1f5638d1-cda3-4ab5-8338-fae6d65cb9bb,fb436581-3946-4786-ae40-f22096551267,,,,2025-11-08T14:08:27,init-script,2025-11-08T14:08:27,init-script
959455e7-af2a-40ea-a73f-e53be29212b0,d18eb19a-1e90-4db4-997f-2758572e5082,,,,2025-11-08T14:08:27,init-script,2025-11-08T14:08:27,init-script
1f3a73f9-2f90-466a-aa1e-36fa02b9776c,a51c774a-5061-4a37-977e-1db0bd5b956d,,,,2025-11-08T14:08:27,init-script,2025-11-08T14:08:27,init-script
d0d9513d-1267-4ea2-9423-b3030b6b94f8,770fdfac-8e95-4f2c-8b4b-f4afb7927f0b,,,,2025-11-08T14:08:27,init-script,2025-11-08T14:08:27,init-script
22150e0c-0028-444d-8357-c1f6d6705a5b,f30e55a2-4091-4f88-94f7-adad2d47c2fe,,,,2025-11-08T14:08:27,init-script,2025-11-08T14:08:27,init-script
26077980-7a87-4d2b-9c8f-c734eef0588e,959ddbd6-3660-41d3-b53a-50c2f8ad20e1,,,,2025-11-08T14:08:27,init-script,2025-11-08T14:08:27,init-script
ba9d363e-4cca-43c3-80c5-ff7060223abb,7fcb1cf9-dc9a-40b0-bf9c-d0d391bde8ba,,,,2025-11-08T14:08:27,init-script,2025-11-08T14:08:27,init-script
1af4ce9c-9fbc-496e-9f9e-b2009d5a0891,3cb1c945-88a2-4f6e-8156-8c8da7ceab19,,,,2025-11-08T14:08:27,init-script,2025-11-08T14:08:27,init-script
132efcb1-dff6-4824-ae18-bf750414f2a0,4d4c6258-cad6-4e55-b307-55acd8db573f,,,,2025-11-08T14:08:27,init-script,2025-11-08T14:08:27,init-script
19ccf73c-3da2-475a-adb0-5383ec559e36,ba9b6349-1d96-4e5c-beb0-4bad56deb5c9,,,,2025-11-08T14:08:27,init-script,2025-11-08T14:08:27,init-script
c80fa51c-8f84-4bbd-82b8-a7d3863cbbae,f8d8a320-18e9-485d-b9a1-6f25fdcfc42a,,,,2025-11-08T14:08:27,init-script,2025-11-08T14:08:27,init-script
a76cfeae-5be8-4230-a5fa-def75da07827,41177c68-09fa-4325-a79b-868130b30b91,,,,2025-11-08T14:08:27,init-script,2025-11-08T14:08:27,init-script
f27d0ab2-c165-4ec7-8c59-9f288cc291cb,11b72ab9-e81e-42c9-a052-4e822fd1811d,,,,2025-11-08T14:08:27,init-script,2025-11-08T14:08:27,init-script
d7d0a479-9ee0-4336-a278-a3d66ec85baf,a4f321b9-5e6b-4d02-9bc4-6d942fb6bea6,,,,2025-11-08T14:08:27,init-script,2025-11-08T14:08:27,init-script
74d17828-0cb2-4b78-a2ef-b70290fedb5d,0724a857-7ceb-415c-bc16-1f1bc4cf5815,,,,2025-11-08T14:08:27,init-script,2025-11-08T14:08:27,init-script
ca7c73c5-380a-4153-a661-570385715884,df0d87aa-4415-40ff-ab44-819410002f14,,,,2025-11-08T14:08:27,init-script,2025-11-08T14:08:27,init-script
413ea35e-6ae0-4f7e-8aa7-9a6d583756b2,25c69bd4-6684-4156-8ea5-b4f403265f20,,,,2025-11-08T14:08:27,init-script,2025-11-08T14:08:27,init-script
7d3fa820-b3d4-4b60-9a32-d1f533c74ab4,46d5ff39-c1de-4057-b1af-34e3925dded7,,,,2025-11-08T14:08:27,init-script,2025-11-08T14:08:27,init-script
24d6376c-33a3-4d61-8e2f-18df8d06a04a,9a38936f-0a80-40fd-8be0-d76ddc115913,,,,2025-11-08T14:08:27,init-script,2025-11-08T14:08:27,init-script
1cc37145-56f0-4222-a4b1-38fee725100e,fed22622-f9c7-4dd5-b779-ae91351e3e05,,,,2025-11-08T14:08:27,init-script,2025-11-08T14:08:27,init-script
1b4c3886-75d6-43bd-a426-69b987169c1c,120ab50e-5ced-48e4-bd4a-0398cc018832,,,,2025-11-08T14:08:27,init-script,2025-11-08T14:08:27,init-script
f2c6683b-edff-4ee8-b39e-c40b731e4652,d4919fef-d06f-46f8-a8ba-4097fb363916,,,,2025-11-08T14:08:27,init-script,2025-11-08T14:08:27,init-script
24bcd7ee-acac-44b8-8f04-bdee5be0d90f,98cc28c4-fe5d-496f-9f03-c6f18f28b51f,,,,2025-11-08T14:08:27,init-script,2025-11-08T14:08:27,init-script
c29a769f-07b3-4053-93bf-e9e6ed5d4f35,100a5d5a-4e60-43c4-8b25-4663ac66123a,,,,2025-11-08T14:08:27,init-script,2025-11-08T14:08:27,init-script
67d1dc28-2601-4ac5-ba17-a28a3eda1397,0b0b0d3d-206a-41df-991f-9fce576ce2d1,,,,2025-11-08T14:08:27,init-script,2025-11-08T14:08:27,init-script
048d2e1d-6f89-47ae-a967-cd3b18c08bc2,fbc856cc-7f28-4924-a8ae-5b9c1920458f,,,,2025-11-08T14:08:27,init-script,2025-11-08T14:08:27,init-script
3b341087-ac58-4d4b-afb4-c06017f73dfc,c7ae313d-f1c5-469e-b874-a278314f58c6,,,,2025-11-08T14:08:27,init-script,2025-11-08T14:08:27,init-script
2f0d667b-51ca-4791-be31-6b61c7c1fc3a,e982b34d-b70d-473c-a0e3-212952e552e5,,,,2025-11-08T14:08:27,init-script,2025-11-08T14:08:27,init-script
ab782890-c181-4486-be21-39f6dc04da0a,5bc26555-fe98-450a-b64a-fa6f757edae1,,,,2025-11-08T14:08:27,init-script,2025-11-08T14:08:27,init-script
ab5f58b6-48e2-45fb-9ec6-a7aa7f0a4a29,a3cab2a7-4b69-4abd-9017-4fbe6f878847,,,,2025-11-08T14:08:27,init-script,2025-11-08T14:08:27,init-script
9db14630-333d-4f4f-b024-a496f96db1e4,caea0861-c1df-4f3c-8b04-699fa946be96,,,,2025-11-08T14:08:27,init-script,2025-11-08T14:08:27,init-script
a3f43882-4ed2-4683-aa03-5b95626a07db,cea1dacb-295c-4760-8b66-231c316cf393,,,,2025-11-08T14:08:27,init-script,2025-11-08T14:08:27,init-script
d10ab3e1-76a2-4d87-8872-3cc258813e9d,32955715-ed45-45c0-845c-a0f34bb67418,,,,2025-11-08T14:08:27,init-script,2025-11-08T14:08:27,init-script
9e7c0016-c08c-425f-a7cd-9a2094c18b69,5fcad0b9-262d-4b73-a2e9-8fc6d018ada2,,,,2025-11-08T14:08:27,init-script,2025-11-08T14:08:27,init-script
e7c24bdc-4574-49c6-b880-87ef66bdb9a8,f418e325-6e6f-4cee-812f-1f1b73440041,,,,2025-11-08T14:08:27,init-script,2025-11-08T14:08:27,init-script
a78779b3-a8ad-4152-a321-5405b3b2a3f5,0a576a9f-9d32-4f11-a44a-6d7a0497b966,,,,2025-11-08T14:08:27,init-script,2025-11-08T14:08:27,init-script
069fbc23-67c1-44fc-8daf-7eacf8d3968a,5b924b52-4cb9-4857-8cf4-82e53b94baee,,,,2025-11-08T14:08:27,init-script,2025-11-08T14:08:27,init-script
c140b8ef-8faa-422d-8361-0815bf41f0c3,1bae8f7c-0b04-45a3-95dd-1901895f9907,,,,2025-11-08T14:08:27,init-script,2025-11-08T14:08:27,init-script
23a1d46a-e94a-4386-8289-702d305182d5,2c5dfd02-eab5-43fa-bf7b-8ba3ef4eba96,,,,2025-11-08T14:08:27,init-script,2025-11-08T14:08:27,init-script
c4da685a-fa25-4de1-a201-e6c9af14c5f6,a4e43d24-4109-4ab8-b44f-ce9d3fe330a2,,,,2025-11-08T14:08:27,init-script,2025-11-08T14:08:27,init-script
1f8ef033-842f-457d-bf46-523f8f6741fe,e5135a9c-3c4c-44d8-8995-a4e665f9563d,,,,2025-11-08T14:08:27,init-script,2025-11-08T14:08:27,init-script
f7f9a8a8-e8b5-4cfe-8268-3c0dbd56d8b2,09e2cba8-c77c-45dc-a063-a0cbcd3e9757,,,,2025-11-08T14:08:27,init-script,2025-11-08T14:08:27,init-script
674105cb-592d-42e8-a030-8ad57f45b39c,a357c34a-f3ff-466a-9945-616f0b66c21d,,,,2025-11-08T14:08:27,init-script,2025-11-08T14:08:27,init-script
05e86170-f113-4822-9885-18340066157e,02808411-19e4-48e5-8b52-7706341d54b7,,,,2025-11-08T14:08:27,init-script,2025-11-08T14:08:27,init-script
f4eee552-4742-474c-8a42-d84a4241ba5e,fd33e20a-d74b-49de-85ed-bf3146ef0499,,,,2025-11-08T14:08:27,init-script,2025-11-08T14:08:27,init-script
8377266e-70d1-4a41-aa2b-b9ecc94bc8f3,e83c50d8-4de7-4a7a-9d21-3d13b41d3e3e,,,,2025-11-08T14:08:27,init-script,2025-11-08T14:08:27,init-script
a47e47e2-a05c-4ebc-8ccc-b9e02a1e5d49,95219915-a813-420b-99e4-eaa961e28c72,,,,2025-11-08T14:08:27,init-script,2025-11-08T14:08:27,init-script
737557ef-1ffc-4890-b5cd-bab480e4321d,4bb3291f-0191-45b3-8606-7919be3c0309,,,,2025-11-08T14:08:27,init-script,2025-11-08T14:08:27,init-script
47c28afd-972d-466b-92c5-932200f4b797,215c471f-4d85-42a9-9c35-9ce12b204093,,,,2025-11-08T14:08:27,init-script,2025-11-08T14:08:27,init-script
f9508f5b-f757-4c78-8b9d-b6d56bd681bd,cf859be7-f3c2-4ca9-b363-00a58833e84d,,,,2025-11-08T14:08:27,init-script,2025-11-08T14:08:27,init-script
4c830c15-8818-4e89-bfa2-9cfcce2a6645,4a91cc7f-a729-4330-b49d-d0c59cdb78a8,,,,2025-11-08T14:08:27,init-script,2025-11-08T14:08:27,init-script
d0163dda-644a-49e6-8fd3-84030317072a,53f4a12f-0715-4af2-a10c-a2cea344f521,,,,2025-11-08T14:08:27,init-script,2025-11-08T14:08:27,init-script
35320dfe-c880-459f-bc1c-8da2b760cfc3,8efe528b-4ba6-4426-927f-fdda133cd2be,,,,2025-11-08T14:08:27,init-script,2025-11-08T14:08:27,init-script
d9ad8a53-5365-4d2a-b502-793704974f47,254d0789-6b20-4a72-a988-344cc2c4d3d5,,,,2025-11-08T14:08:27,init-script,2025-11-08T14:08:27,init-script
d11942dd-87f0-452f-9e5e-ede87f84e974,01cdf1f2-14ec-4516-9c0a-38b5d34e5b6d,,,,2025-11-08T14:08:27,init-script,2025-11-08T14:08:27,init-script
4586da80-42eb-4986-9392-c6c8bcf81649,09a25a59-4c9b-467a-b975-453edeaf0752,,,,2025-11-08T14:08:27,init-script,2025-11-08T14:08:27,init-script
b8f7ec29-be10-49f2-ac71-54ad21426839,65e77af9-04e2-4cce-b959-12b1d88321a8,,,,2025-11-08T14:08:27,init-script,2025-11-08T14:08:27,init-script
118067ab-8d42-47c3-bd0f-1d767a336c7a,6a7dd577-6017-4019-b53b-6f19f9d00c33,,,,2025-11-08T14:08:27,init-script,2025-11-08T14:08:27,init-script
0f57487a-e03d-4d5d-87c7-fbf27d685c04,3837607e-ab74-4c5d-b8bb-566172cd5d0f,,,,2025-11-08T14:08:27,init-script,2025-11-08T14:08:27,init-script
8e617419-e4cd-401f-9c89-c9498c2c398f,d9838f57-aeb9-4ae9-84df-663c4fce27ad,,,,2025-11-08T14:08:27,init-script,2025-11-08T14:08:27,init-script
9310cf3d-5492-4270-8582-602275d21dcb,1e0c3b9a-7c50-474f-ad6a-43f6e61f5a9d,,,,2025-11-08T14:08:27,init-script,2025-11-08T14:08:27,init-script
e40b9c40-0fdf-4073-b9bc-140b66bd17ee,dc69b21b-b504-44df-b3eb-fe9c5a935570,,,,2025-11-08T14:08:27,init-script,2025-11-08T14:08:27,init-script
d3b485da-2066-4aef-94e9-9d6579ceb788,93475945-187f-4288-bb8f-d79b945b7af3,,,,2025-11-08T14:08:27,init-script,2025-11-08T14:08:27,init-script
47d55542-3d8f-4dbf-965d-57821abedeba,79925ce7-71fb-4a01-b6f9-dc16bf02e927,,,,2025-11-08T14:08:27,init-script,2025-11-08T14:08:27,init-script
65797467-a9fc-4f8a-b83c-9d8fae08074b,9ac95a5b-9b07-4655-a485-8b4a72907c18,,,,2025-11-08T14:08:27,init-script,2025-11-08T14:08:27,init-script
8994faa9-c51c-4914-88e6-10cc4a2e61e4,c4ce5e07-d656-468b-8b13-fa8dec7a6bf1,,,,2025-11-08T14:08:27,init-script,2025-11-08T14:08:27,init-script
279fc864-1628-41bc-ba2b-4bdcf66d6e6d,c2083994-d726-4c23-ba7d-1c7e858493b4,,,,2025-11-08T14:08:27,init-script,2025-11-08T14:08:27,init-script
e38a0a34-4f74-42a2-81b8-0512695e0cf3,4013c6b7-eb6c-4904-8499-309469ef5640,,,,2025-11-08T14:08:27,init-script,2025-11-08T14:08:27,init-script
eae71b37-478f-4743-9d98-f6b696774633,22775658-865f-457a-89e2-69574c3ed50b,,,,2025-11-08T14:08:27,init-script,2025-11-08T14:08:27,init-script
237b34ec-b675-4350-8bd7-420c7a1667a1,3719bcbc-1d59-45ac-938d-6cf4acf7d2b6,,,,2025-11-08T14:08:27,init-script,2025-11-08T14:08:27,init-script
22380004-722f-41f2-b53c-ee8c3bd3c3d0,88494e0f-fbe7-47d0-9177-dcbb9daa2566,,,,2025-11-08T14:08:27,init-script,2025-11-08T14:08:27,init-script
78e0aaba-0a79-429f-848b-593a2d771872,0cb7e250-2b4b-451b-be62-d54ec3558467,,,,2025-11-08T14:08:27,init-script,2025-11-08T14:08:27,init-script
81d6120e-1dea-4a66-b77f-67f32e643a6e,1b8cfc51-d9f2-4211-bc12-37b47dc6f933,,,,2025-11-08T14:08:27,init-script,2025-11-08T14:08:27,init-script
3031fb7d-ac6c-4107-9fee-258e2e32cf71,4e1cff80-8eee-4f39-b0af-022bf371382e,,,,2025-11-08T14:08:27,init-script,2025-11-08T14:08:27,init-script
7cac0fb8-8e64-46a9-a0a7-51b4282b966b,d30577c6-b47f-42ab-85f4-506340d02464,,,,2025-11-08T14:08:27,init-script,2025-11-08T14:08:27,init-script
3cda4e19-f8f9-4a42-a416-e9139b86a032,13fed227-1847-4b43-ae99-222b19090d9c,,,,2025-11-08T14:08:27,init-script,2025-11-08T14:08:27,init-script
e0a06d9f-a5c9-4ddf-a924-3c7012e6ee06,bd96bf7a-9975-47d0-b7db-81261355bc61,,,,2025-11-08T14:08:27,init-script,2025-11-08T14:08:27,init-script
e1c7089b-8bc3-48e0-9fab-ec3418efd18e,60a18695-599d-4530-8c87-2f43f8274ec6,,,,2025-11-08T14:08:27,init-script,2025-11-08T14:08:27,init-script
82807679-c853-4a68-ba8d-5b900500e7c6,39c7be1a-a358-4112-b0a2-834bcbba95f6,,,,2025-11-08T14:08:27,init-script,2025-11-08T14:08:27,init-script
3deeb1d1-f997-43b3-a893-8e7c62b08caa,05756fea-a156-47b8-975e-c4c74b98a505,,,,2025-11-08T14:08:27,init-script,2025-11-08T14:08:27,init-script
bdc11abb-0550-46f5-9581-1c432ca718cd,dfa0b462-1676-4d34-baac-30294c2f6c68,,,,2025-11-08T14:08:27,init-script,2025-11-08T14:08:27,init-script
54e55beb-1bdd-409b-8c51-ae8e52adf9f8,52fea3d6-b40a-45a0-882e-1efd4c3982c9,,,,2025-11-08T14:08:27,init-script,2025-11-08T14:08:27,init-script
7b8cc1c8-14c1-48c8-868d-4c6fa37853cc,bdb00bc4-e09e-4b6c-9981-c3def13e3bb2,,,,2025-11-08T14:08:27,init-script,2025-11-08T14:08:27,init-script
b1a61e0f-59d8-42bd-ab5b-299989e40c66,288aebbb-0b28-4fc3-9308-5c9325e31e64,,,,2025-11-08T14:08:27,init-script,2025-11-08T14:08:27,init-script
3d4bea6c-d9b1-4f59-beb8-28e4a069b8d5,21d68734-6019-4c1b-89d7-a9f5acdadf8f,,,,2025-11-08T14:08:27,init-script,2025-11-08T14:08:27,init-script
31dcdd54-fc84-4952-b1f1-a8018d6f087b,01911b93-b325-493a-9bef-48a1661acb8b,,,,2025-11-08T14:08:27,init-script,2025-11-08T14:08:27,init-script
7c48f1e6-3b2d-4876-9e6b-143f84985a33,239adae0-dc39-41f4-958f-6e4f1b2e5229,,,,2025-11-08T14:08:27,init-script,2025-11-08T14:08:27,init-script
9b43809b-58a7-4ff6-bd98-469dac11245b,2aae3257-8638-45fa-a5e6-a3c9cbae576c,,,,2025-11-08T14:08:27,init-script,2025-11-08T14:08:27,init-script
d6e3733f-ad83-4599-a00b-d97526c2f18c,7eecc541-5b6a-4fcc-9994-f85499d31c80,,,,2025-11-08T14:08:27,init-script,2025-11-08T14:08:27,init-script
f57c574a-17f0-4803-bc03-ab65822ccd90,9ea4b59e-b027-437d-9837-9b32dd849fb8,,,,2025-11-08T14:08:27,init-script,2025-11-08T14:08:27,init-script
779b1181-fbcb-4581-b769-793b3e0946d6,d80ff73f-f234-492f-9b2f-4c79566475c5,,,,2025-11-08T14:08:27,init-script,2025-11-08T14:08:27,init-script
7a2c0c08-aa48-4f11-b099-94dd9ac7561b,88bcf0ac-bc77-4bbd-8326-0e6e3cce50a3,,,,2025-11-08T14:08:27,init-script,2025-11-08T14:08:27,init-script
16f39602-191d-458f-9740-25eed9526f33,d484cc4d-c490-499d-b463-bd8c69e27f1d,,,,2025-11-08T14:08:27,init-script,2025-11-08T14:08:27,init-script
95e1313d-4db9-40bc-8954-28ae80a51d2f,0d0a9824-efad-4f1f-9d1c-9a9752b9245f,,,,2025-11-08T14:08:27,init-script,2025-11-08T14:08:27,init-script
15ba5f33-eff4-49c5-b60d-36291f7bde84,c3705132-0afe-4681-901d-f72dabb3cf6f,,,,2025-11-08T14:08:27,init-script,2025-11-08T14:08:27,init-script
7883f8d3-eb95-4eec-9c5d-faf01fb1fc48,efe6b6b7-8a6b-448e-bd1b-47e91c4a5e9d,,,,2025-11-08T14:08:27,init-script,2025-11-08T14:08:27,init-script
6514a82f-c72e-4b04-b597-53d537b93fb7,39929b78-a744-449f-ade9-72c34b69c441,,,,2025-11-08T14:08:27,init-script,2025-11-08T14:08:27,init-script
87e97ac7-91fd-4108-9f1e-7a31d7af3aba,cabb71d7-7143-46cc-8981-f67f20f568ba,,,,2025-11-08T14:08:27,init-script,2025-11-08T14:08:27,init-script
685f19dc-6205-423e-acb9-a15f1398c9f6,628cbd2e-57f9-4cca-a083-b9e4d0b415c1,,,,2025-11-08T14:08:27,init-script,2025-11-08T14:08:27,init-script
19b45182-3f75-4810-aa1f-a374d2ec5223,9da6f496-5dbc-41a6-96fb-300f0d5bb357,,,,2025-11-08T14:08:27,init-script,2025-11-08T14:08:27,init-script
c4bc70bd-6a18-4b47-a264-3500283d6c31,0ed7db7c-b591-463d-8677-55fc2c051e3e,,,,2025-11-08T14:08:27,init-script,2025-11-08T14:08:27,init-script
d8f8ebe1-aa9b-4526-9f45-4f3518c0c20c,8517f1c1-16b7-4d24-b03e-38740c6ca1aa,,,,2025-11-08T14:08:27,init-script,2025-11-08T14:08:27,init-script
c645eb1d-3b18-48f0-bf3f-4cb83ea6cf7d,d347a52a-c9d4-4924-9df6-247076fdcffd,,,,2025-11-08T14:08:27,init-script,2025-11-08T14:08:27,init-script
84487f5f-f090-403a-b3e4-48d87be5159f,2e9e4fd0-f5b8-4ac0-bf41-fbc14f470951,,,,2025-11-08T14:08:27,init-script,2025-11-08T14:08:27,init-script
3bacefb6-1f57-4cf3-a270-cdc56b09ac53,559cf2eb-0ee3-44b9-85fc-05a9dbbefca1,,,,2025-11-08T14:08:27,init-script,2025-11-08T14:08:27,init-script
9aa8b1f2-5aa9-471d-bd77-cfde3e2c70e0,42c3630d-8dcf-465e-9a02-800d73687d9f,,,,2025-11-08T14:08:27,init-script,2025-11-08T14:08:27,init-script
33814125-8ba7-41d4-85b4-fe5ed8e14028,6080dd1d-a44a-4674-b3b6-5019d99eceb7,,,,2025-11-08T14:08:27,init-script,2025-11-08T14:08:27,init-script
45634cf6-0d47-4270-8337-a2e0ca03f846,96df5b0d-d015-4e19-8030-dd5b1802f142,,,,2025-11-08T14:08:27,init-script,2025-11-08T14:08:27,init-script
f1e32837-1950-4f9e-aa73-1ee95afa1f48,ed93ff75-451e-491b-bf24-1e0dd18306b7,,,,2025-11-08T14:08:27,init-script,2025-11-08T14:08:27,init-script
e639a06f-f147-4c18-8854-e7622b56a42e,260ed0fc-9be5-49c2-844a-bcb618dea518,,,,2025-11-08T14:08:27,init-script,2025-11-08T14:08:27,init-script
051f2f04-f613-4947-9bb3-b0809aea95e5,df942af4-f6bf-4156-b0cd-1b88a6421b11,,,,2025-11-08T14:08:27,init-script,2025-11-08T14:08:27,init-script
226d121a-cc6d-43e8-94d3-f164308a8a5b,9d80e2c9-7ae5-440d-974d-fc2efa4b7b11,,,,2025-11-08T14:08:27,init-script,2025-11-08T14:08:27,init-script
04007710-9d14-4ed2-85f7-472a558ccef7,106ef890-596d-4a09-84ea-3462cf1a265d,,,,2025-11-08T14:08:27,init-script,2025-11-08T14:08:27,init-script
9af8b053-aab8-4c86-a21c-1005490ef342,ac7c9d0b-2ddf-4a9c-a7ee-4ccba98d259d,,,,2025-11-08T14:08:27,init-script,2025-11-08T14:08:27,init-script
c9525333-6f04-45ac-8997-66464f7b32b6,05deacae-73f3-43de-970f-0ff8cac7702d,,,,2025-11-08T14:08:27,init-script,2025-11-08T14:08:27,init-script
c7bbe295-b49d-4bef-8777-e834e35fbe23,87ae5178-9e1e-4043-a691-a3cc87a0146d,,,,2025-11-08T14:08:27,init-script,2025-11-08T14:08:27,init-script
4cc3ccab-d57b-477e-a3d5-6005df32ca5d,ca025ccb-43e2-40e7-b6d2-9a4b64c982c1,,,,2025-11-08T14:08:27,init-script,2025-11-08T14:08:27,init-script
523eb32c-3be5-4c4f-84ff-9e5ee947b598,8846f02b-7061-48a4-800e-0ecbf0222202,,,,2025-11-08T14:08:27,init-script,2025-11-08T14:08:27,init-script
488d43e7-e2f9-4e7e-9286-6d06c29ae17e,5b9840c0-0a5d-44db-974a-915e30c96ef3,,,,2025-11-08T14:08:27,init-script,2025-11-08T14:08:27,init-script
13c7c007-8375-4c45-ae28-97b3becea482,fdf7f572-15ea-4c06-93d5-4cabf4231009,,,,2025-11-08T14:08:27,init-script,2025-11-08T14:08:27,init-script
0b83f5e4-148f-4f6e-9d82-920a7fba7405,ea74346c-8933-48c8-9e5d-0c21e8326917,,,,2025-11-08T14:08:27,init-script,2025-11-08T14:08:27,init-script
fdb22b56-38bb-4048-81ed-427c5b0316ec,29f2d9ff-61d2-4726-959e-a2cf9dc5a0e4,,,,2025-11-08T14:08:27,init-script,2025-11-08T14:08:27,init-script
7d62a831-5d57-4e50-957e-401426f9a2a5,7c6f7d4c-0e1c-41d3-83bf-f2e5f509a27c,,,,2025-11-08T14:08:27,init-script,2025-11-08T14:08:27,init-script
3945dea3-2d94-4e71-9c7b-1c9f0700f66d,e24bbf0c-5dc6-473a-b9f6-5575cb1444bf,,,,2025-11-08T14:08:27,init-script,2025-11-08T14:08:27,init-script
5fefeba4-d19f-4fc9-9888-4506215a2e57,86ca17e6-00ea-45b1-b727-6ab303ec379e,,,,2025-11-08T14:08:27,init-script,2025-11-08T14:08:27,init-script
1b9670a4-72cc-4458-86e4-b9e6e5753a30,65659948-3090-49fb-abfb-4af263b8e52e,,,,2025-11-08T14:08:27,init-script,2025-11-08T14:08:27,init-script
c7717524-f728-4c35-a5ce-a86629b9c5e8,85d19feb-cc18-4f0b-a417-83d9889d6b5f,,,,2025-11-08T14:08:27,init-script,2025-11-08T14:08:27,init-script
b45dc8a4-6828-470c-a975-32de12689895,57ae3060-23ef-4771-87e8-410cd8b147eb,,,,2025-11-08T14:08:27,init-script,2025-11-08T14:08:27,init-script
b8a6f35b-d4f9-490f-afd4-111a91d2255d,affeabce-845b-4913-b126-39584a5524ab,,,,2025-11-08T14:08:27,init-script,2025-11-08T14:08:27,init-script
72bad8f6-0602-4047-b932-803dd461ae32,5b9a6484-0f19-47d8-83a7-f431c0df9dda,,,,2025-11-08T14:08:27,init-script,2025-11-08T14:08:27,init-script
f90d738d-8ca5-447f-b73a-d82fd05fb342,e263b5b0-6627-4d26-af85-b84ae7219d36,,,,2025-11-08T14:08:27,init-script,2025-11-08T14:08:27,init-script
02f64c11-53a3-4de9-b740-6280a175f26d,96446cb7-e832-496c-a179-8c4b5d1179cf,,,,2025-11-08T14:08:27,init-script,2025-11-08T14:08:27,init-script
1f6e7a35-86cd-4db2-a7fb-1f7b94f991be,01c0caca-e3a0-4605-b73e-737109b0dc8f,,,,2025-11-08T14:08:27,init-script,2025-11-08T14:08:27,init-script
779d0bde-04a0-4a09-9102-314495807e93,fb1a48eb-4461-4871-95d0-adde2ee94aa4,,,,2025-11-08T14:08:27,init-script,2025-11-08T14:08:27,init-script
f82afc20-dfce-440b-b578-8290fde243ec,a1ac76c9-5276-4e6d-a834-6a146c99601f,,,,2025-11-08T14:08:27,init-script,2025-11-08T14:08:27,init-script
7bd36a27-6a06-49f5-9342-ae424ff3c4c8,403155f9-7c58-4307-9f19-374bfdac1b5e,,,,2025-11-08T14:08:27,init-script,2025-11-08T14:08:27,init-script
cb82ed1b-21d0-46cc-bb16-e556f6987a95,eafeb224-3dda-422d-89f8-4cd34f636c17,,,,2025-11-08T14:08:27,init-script,2025-11-08T14:08:27,init-script
87436c81-9012-4ab6-857c-9c8f56407e3b,562ce837-f697-478b-ba56-ee49ba03b49f,,,,2025-11-08T14:08:27,init-script,2025-11-08T14:08:27,init-script
879870ab-54f2-4802-96b4-7ad83bff4025,1ac47f13-29ed-4ddc-9b82-4d5e3a7c4df9,,,,2025-11-08T14:08:27,init-script,2025-11-08T14:08:27,init-script
f73450d9-629d-42f3-8388-f995eb36a9a7,3a6b5606-f4ec-4412-bd28-c19822e1c8ad,,,,2025-11-08T14:08:27,init-script,2025-11-08T14:08:27,init-script
d1b46ed6-fad1-48b4-a3fb-67f7e3457dba,fb0bbc64-255e-4ecf-8c72-e070659acb75,,,,2025-11-08T14:08:27,init-script,2025-11-08T14:08:27,init-script
ddbf42d0-4539-4ee9-b617-cc243e02e5de,a7897137-3657-4b61-ab82-1863b3d04ebd,,,,2025-11-08T14:08:27,init-script,2025-11-08T14:08:27,init-script
a76cafaa-2dec-46eb-928c-9245b0aa6280,886d3284-e090-410e-8345-913a750d5808,,,,2025-11-08T14:08:27,init-script,2025-11-08T14:08:27,init-script
d6214119-91ba-42b7-98fb-ff659ccfe560,619340b0-6eda-4581-9e18-162120d0edad,,,,2025-11-08T14:08:27,init-script,2025-11-08T14:08:27,init-script
24d4a2a8-b8eb-49c2-a401-a2ebe8f478b6,6f306d43-2680-4204-9156-33755b12a69a,,,,2025-11-08T14:08:27,init-script,2025-11-08T14:08:27,init-script
100c52f0-32ba-4cb6-91d7-ceac4d5a92bf,4e5095f7-42a5-4201-b82f-51f7c8f6e61e,,,,2025-11-08T14:08:27,init-script,2025-11-08T14:08:27,init-script
7fa229d3-294f-4c7b-8dd8-20600453b09e,2360a088-ae55-4928-be9d-823f09cba26b,,,,2025-11-08T14:08:27,init-script,2025-11-08T14:08:27,init-script
b81316db-8f69-448e-9b69-effdf600c88c,3707d4b3-98a0-4759-bb3b-6eff2a5bb169,,,,2025-11-08T14:08:27,init-script,2025-11-08T14:08:27,init-script
b8eb6f4f-3a38-4365-9747-623b3e126680,94510894-3bf3-470d-88b5-ca9db2e0f101,,,,2025-11-08T14:08:27,init-script,2025-11-08T14:08:27,init-script
cc55269d-62a5-4739-961a-3ed876c74926,32824e15-1842-46ca-a48a-f1cc688ccda3,,,,2025-11-08T14:08:27,init-script,2025-11-08T14:08:27,init-script
cc8330f2-ce75-4c97-acd5-25dbe1f543d5,855c0d22-3450-4f7f-94b2-cb250c57e6fa,,,,2025-11-08T14:08:27,init-script,2025-11-08T14:08:27,init-script
be6e313c-eaef-4303-9850-b7fef8167fe0,248fb286-16ea-4d70-bc19-537a602f385a,,,,2025-11-08T14:08:27,init-script,2025-11-08T14:08:27,init-script
ebdeb95a-30d5-4e13-9790-1bebb24ab7b5,ed55d770-38af-4b7b-a0c0-8a984cd2ae31,,,,2025-11-08T14:08:27,init-script,2025-11-08T14:08:27,init-script
04b5872b-a1d3-4c7e-8d69-be7675aa716f,a84705d3-daad-45c1-a50d-6e9f2cf65bb2,,,,2025-11-08T14:08:27,init-script,2025-11-08T14:08:27,init-script
d77efc60-8d82-4641-aae2-2669a78cd735,efeb05bb-c434-4ef0-9a61-1f70e9a26181,,,,2025-11-08T14:08:27,init-script,2025-11-08T14:08:27,init-script
1a025079-5d33-4c0b-a198-59808789fea1,66d85aac-14ac-441b-8024-1a232ef5b8d8,,,,2025-11-08T14:08:27,init-script,2025-11-08T14:08:27,init-script
739d68df-1618-49ad-9e54-41c121d876d8,abdb32f0-6580-4e3b-9a71-245684ccabbf,,,,2025-11-08T14:08:27,init-script,2025-11-08T14:08:27,init-script
e477bb8a-f1c0-47f8-907f-31ef34616f82,95de5d07-83bb-4fad-98e8-2a30f86a1312,,,,2025-11-08T14:08:27,init-script,2025-11-08T14:08:27,init-script
53386868-a55d-45ef-85f0-a462769e69fd,cf7fb920-03ea-4800-ae11-61da94047aec,,,,2025-11-08T14:08:27,init-script,2025-11-08T14:08:27,init-script
4643d026-d92d-4a50-89a7-526120d03706,fc0eccc8-5f88-4cce-924b-3e60d80c41ed,,,,2025-11-08T14:08:27,init-script,2025-11-08T14:08:27,init-script
241f0246-5c72-41a8-9b82-dedf869534fc,c862c111-9461-4475-a170-9e65f35fd78e,,,,2025-11-08T14:08:27,init-script,2025-11-08T14:08:27,init-script
0dc81ce0-aa74-4f6b-ab40-1b36c15a55c3,5a2957bc-2f5d-4db4-8fd3-8c7cc71c8d40,,,,2025-11-08T14:08:27,init-script,2025-11-08T14:08:27,init-script
f4e01886-d5a4-45cb-b393-c492a255229e,7706dd68-9f7a-45dd-bf18-9d75360ad12e,,,,2025-11-08T14:08:27,init-script,2025-11-08T14:08:27,init-script
2226f54c-1bc7-463b-ac70-5bdcbfb4dde6,15221b2b-cb9e-4b36-87f5-6b15c99bb4de,,,,2025-11-08T14:08:27,init-script,2025-11-08T14:08:27,init-script
c0ee1b3a-2e13-41af-a157-cd322b1ca5a2,687821dc-f0b1-4892-b1e5-f981fc9e67da,,,,2025-11-08T14:08:27,init-script,2025-11-08T14:08:27,init-script
019c6dba-f4b8-4658-a8b3-e9eae77a1ef2,a485ef56-ad23-49e2-a9d7-d8de18cfe1a3,,,,2025-11-08T14:08:27,init-script,2025-11-08T14:08:27,init-script
aff8b9a4-7867-44ba-8aea-eee0932579f0,e4269534-dcaf-4fb6-8cbd-07b0109ff3a5,,,,2025-11-08T14:08:27,init-script,2025-11-08T14:08:27,init-script
c1cb0c31-732d-4c8b-b86b-c81ad4f954ba,d6c6c7ab-0f57-4f65-b1c3-15fbfdf913ea,,,,2025-11-08T14:08:27,init-script,2025-11-08T14:08:27,init-script
30140cb7-4923-4701-af33-0dc98a06cb7b,a53518ea-0007-47cd-a2d9-31902c81818a,,,,2025-11-08T14:08:27,init-script,2025-11-08T14:08:27,init-script
d93f85db-4a55-4c29-b9d5-d3f34173b25e,0e434399-06fc-4ff4-a6fc-57cecd47b131,,,,2025-11-08T14:08:27,init-script,2025-11-08T14:08:27,init-script
9ac935cf-f2b9-4d5a-adf2-385fdaf4c319,1c2962ae-e5b4-45df-9ac8-16d98563e369,,,,2025-11-08T14:08:27,init-script,2025-11-08T14:08:27,init-script
555a9201-b35e-450c-a828-3e23b8677ba8,dac1b0cf-ac5f-4e29-b083-671a7131b9b0,,,,2025-11-08T14:08:27,init-script,2025-11-08T14:08:27,init-script
1d843010-297c-4c86-8afc-297c5082dca3,0a9ee8c9-61a1-4b3b-a9fb-f97da2434913,,,,2025-11-08T14:08:27,init-script,2025-11-08T14:08:27,init-script
137959e7-74ab-4234-bbda-b65fb7a221d9,439a7745-8ca8-4789-a4f3-d079ea609be9,,,,2025-11-08T14:08:27,init-script,2025-11-08T14:08:27,init-script
e25fd14d-c48e-4177-a4dc-75938d711424,348eea11-c551-4841-baf0-9fad88da2698,,,,2025-11-08T14:08:27,init-script,2025-11-08T14:08:27,init-script
eaefccdb-330c-48a8-b40c-6c071a6908a8,9aaddc14-3cce-4518-a2a5-6271552ed317,,,,2025-11-08T14:08:27,init-script,2025-11-08T14:08:27,init-script
c3f947ae-5dc1-4e43-b0b3-21053ad253d9,38945e67-7ff4-4db1-95ee-1754ee66f307,,,,2025-11-08T14:08:27,init-script,2025-11-08T14:08:27,init-script
f8fd3407-f7ed-486a-8dc1-3947a03e0e4e,73fbd4e3-a6d5-44aa-a981-9a3d11aadcfa,,,,2025-11-08T14:08:27,init-script,2025-11-08T14:08:27,init-script
6f115c3a-a155-41fe-872b-5d629354b9ca,0cc3ff24-2429-4b96-87d3-50fb44e8595e,,,,2025-11-08T14:08:27,init-script,2025-11-08T14:08:27,init-script
3c5995b0-0c8e-4f96-8137-c66db68f3b6f,c9c325b5-24e7-46c2-97c5-bac4b2e000a2,,,,2025-11-08T14:08:27,init-script,2025-11-08T14:08:27,init-script
c67a5762-da86-4512-9385-f4ff8314fb76,cbf9ffb4-dd2f-45a8-8d9e-3ab2ddb787b1,,,,2025-11-08T14:08:27,init-script,2025-11-08T14:08:27,init-script
4bdbabe8-b6df-465e-b092-adb410d945d8,46c52659-590e-4dfd-ae6c-c01b8720fe00,,,,2025-11-08T14:08:27,init-script,2025-11-08T14:08:27,init-script
20943363-de5a-49cf-96bb-d4bec8e275f2,0bce48fc-8e41-4aa9-a1ec-8144b7d98005,,,,2025-11-08T14:08:27,init-script,2025-11-08T14:08:27,init-script
277a8951-31a5-4914-8369-25324b91c9af,baec96a7-4a06-407c-babb-4c030ecda5a2,,,,2025-11-08T14:08:27,init-script,2025-11-08T14:08:27,init-script
ed69b275-6f39-436d-b51d-1d83c66737a2,002f07fe-3ac6-4f20-9054-c2282632e4bd,,,,2025-11-08T14:08:27,init-script,2025-11-08T14:08:27,init-script
65daaca1-2700-4de2-87ff-7aa642e9b1f2,5698b9f4-b8e5-49fb-83e0-6a87e7233305,,,,2025-11-08T14:08:27,init-script,2025-11-08T14:08:27,init-script
cf5377b4-dd44-4c04-aff2-33af84b42ea2,61274f96-1371-4081-af59-41bd0a83a558,,,,2025-11-08T14:08:27,init-script,2025-11-08T14:08:27,init-script
7959c513-1659-4472-a046-ae274f6ae807,cc7c971e-5b63-48bd-8502-095e0d2e21a1,,,,2025-11-08T14:08:27,init-script,2025-11-08T14:08:27,init-script
4936af91-3450-43bf-b6b0-9651c3e308fc,abf741d4-aefc-4620-ac26-73a72262a82f,,,,2025-11-08T14:08:27,init-script,2025-11-08T14:08:27,init-script
e7dee5fc-5d58-43a8-b0b7-ad38a8f0fefe,66abdf85-00d7-4a7d-bff1-cacb35b21328,,,,2025-11-08T14:08:27,init-script,2025-11-08T14:08:27,init-script
29645c54-c648-4941-9e6f-8c7c68e0e126,908a216f-f91c-4e1a-ae8e-3ad0bb30385c,,,,2025-11-08T14:08:27,init-script,2025-11-08T14:08:27,init-script
3e67e03f-9a74-4f78-a489-a4b052251486,7ccb5e8c-3023-47b7-b31b-658222ffdb75,,,,2025-11-08T14:08:27,init-script,2025-11-08T14:08:27,init-script
72456aee-8cbf-4670-8163-3bd79aaef57a,1d09f76c-0b1b-4832-8e42-983372394d5f,,,,2025-11-08T14:08:27,init-script,2025-11-08T14:08:27,init-script
5dd06295-a63a-4d40-94f4-91596eeb11a5,09ce57df-4e5e-4da4-bc84-a6d3dfd653a3,,,,2025-11-08T14:08:27,init-script,2025-11-08T14:08:27,init-script
7c278d39-0327-4df3-9227-f1800a6294bb,a1aebcc9-385f-4108-bb7c-8f640e7c07a7,,,,2025-11-08T14:08:27,init-script,2025-11-08T14:08:27,init-script
229753f0-6bca-40d1-aaa3-eb9512061843,fe7a0c12-9aca-49c0-866e-0b78333dca91,,,,2025-11-08T14:08:27,init-script,2025-11-08T14:08:27,init-script
3c4a2b33-d5fe-4476-8ff6-7141a11edb27,3b92a274-f338-4bbd-9e51-9495f5fca403,,,,2025-11-08T14:08:27,init-script,2025-11-08T14:08:27,init-script
861e419d-9e80-45bb-b9ab-857651565308,60da94d2-e8d5-415b-8cf6-c9e353bdd74a,,,,2025-11-08T14:08:27,init-script,2025-11-08T14:08:27,init-script
07d89485-b10e-4a55-be8b-e4816029221c,79a277d5-a128-4d24-bbe6-404f17fe7bc1,,,,2025-11-08T14:08:27,init-script,2025-11-08T14:08:27,init-script
e1c85c31-c11c-4235-8846-6a2646b1bb83,60bf2845-1259-4f88-8ef7-65176a22cf46,,,,2025-11-08T14:08:27,init-script,2025-11-08T14:08:27,init-script
63162f8e-d785-4b00-af00-7ae0137e24cc,4d675357-12b4-48a8-8f0c-05aec413bbf5,,,,2025-11-08T14:08:27,init-script,2025-11-08T14:08:27,init-script
3b3707d6-17d4-4362-b076-72171447b6e1,7cca0f91-abd6-42ed-97f3-022cae584c7c,,,,2025-11-08T14:08:27,init-script,2025-11-08T14:08:27,init-script
f9c6fda5-e4a9-4617-8284-7d416ddf3bb5,271888ca-8cd3-4dbf-94c1-76be53fdce31,,,,2025-11-08T14:08:27,init-script,2025-11-08T14:08:27,init-script
e8851ba8-4e8d-4950-a2db-1439df135e5f,175dc414-db1b-4db5-be75-e2defa5e21fc,,,,2025-11-08T14:08:27,init-script,2025-11-08T14:08:27,init-script
ff4bc0e2-409d-494f-b33e-d92e6706b019,9339d4fc-f639-4339-aa48-dfdf520e86b6,,,,2025-11-08T14:08:27,init-script,2025-11-08T14:08:27,init-script
1000bcef-fec7-40ce-8dc1-0b5a2566dd62,93afb5ac-285d-4529-8e48-454a48211c22,,,,2025-11-08T14:08:27,init-script,2025-11-08T14:08:27,init-script
a4bffa63-8a75-4efa-b4b7-294008d2900b,e5dfeddd-2d7d-4362-ac66-24992d81cb72,,,,2025-11-08T14:08:27,init-script,2025-11-08T14:08:27,init-script
4e06f7bf-f867-4776-981f-0db4067b46cc,dab94e4f-8673-4ae3-b6a9-73521d3f76d6,,,,2025-11-08T14:08:27,init-script,2025-11-08T14:08:27,init-script
7c885fb0-3f7d-4d75-a568-9234a4d5d9a4,b3be149f-062d-459e-ae25-97a9b84b2a38,,,,2025-11-08T14:08:27,init-script,2025-11-08T14:08:27,init-script
5a48f35b-a775-4af5-be78-1938defd97a2,239d65a7-5b8d-4dcb-9533-8513ba232699,,,,2025-11-08T14:08:27,init-script,2025-11-08T14:08:27,init-script
01701be6-91e4-44d0-b61e-724a816c1dac,53558285-1e70-4fa9-96e0-d6156c592114,,,,2025-11-08T14:08:27,init-script,2025-11-08T14:08:27,init-script
096a3303-1aff-4128-9f82-8d1fdac5341e,a74cbe31-32cd-4d4b-867b-098fed5a0db7,,,,2025-11-08T14:08:27,init-script,2025-11-08T14:08:27,init-script
328fb5f5-08b4-414a-bc77-13801cdeafbf,9f7e5416-2cad-49e7-9a3f-4c86203de2ee,,,,2025-11-08T14:08:27,init-script,2025-11-08T14:08:27,init-script
3c49e6aa-b2a8-45db-a968-803aadc9aa84,88197eb3-eafe-4c9e-9a9c-f7ea58b2e4cd,,,,2025-11-08T14:08:27,init-script,2025-11-08T14:08:27,init-script
470460c6-322c-4455-906c-01620c7bfbaf,5b559fb0-52ec-4b22-89ff-22f1a211f54e,,,,2025-11-08T14:08:27,init-script,2025-11-08T14:08:27,init-script
c4ce32cf-905f-41cb-b450-80775fbf6994,8fcfb692-41b8-4bb4-bb5a-e325c4e31704,,,,2025-11-08T14:08:27,init-script,2025-11-08T14:08:27,init-script
e5847336-7413-45e6-a1ab-1a11b1a1f513,790380b0-fd4f-4894-baa5-fe6432d82862,,,,2025-11-08T14:08:27,init-script,2025-11-08T14:08:27,init-script
14418acb-9ffd-43ea-9ab8-3708181030db,d5accaee-1161-4319-8002-34dcd8969909,,,,2025-11-08T14:08:27,init-script,2025-11-08T14:08:27,init-script
d7379a20-0efb-4dc2-b365-e6954dd997b0,f66ced0c-c93a-4f0b-82ab-02ca45130ae7,,,,2025-11-08T14:08:27,init-script,2025-11-08T14:08:27,init-script
3f51502e-a4da-4949-a9c4-735e45c6a53e,525e4585-96f3-42e9-9222-57bbc2f60afc,,,,2025-11-08T14:08:27,init-script,2025-11-08T14:08:27,init-script
bdfa65f6-a29c-4d6d-91fc-9b23a467436d,ac82e0f7-210f-4cd6-807b-bc74aa796ff2,,,,2025-11-08T14:08:27,init-script,2025-11-08T14:08:27,init-script
3dcbed22-4384-4076-a8ef-c14ed97f2580,a3a115a0-b18a-4b34-8c05-5945552515c9,,,,2025-11-08T14:08:27,init-script,2025-11-08T14:08:27,init-script
a9bcb164-8db2-425f-865b-2d1ca2ff584f,5ffc4795-da71-4326-933a-b2fa16b6d7bf,,,,2025-11-08T14:08:27,init-script,2025-11-08T14:08:27,init-script
9566a68a-65dd-4c5a-a71e-58c8c65451b9,2db7e5f5-866e-46d6-a7af-5720e048d5bd,,,,2025-11-08T14:08:27,init-script,2025-11-08T14:08:27,init-script
5a4141df-1f77-4c8a-9096-f969bc200584,cd32753b-20de-4197-9f10-357182ceb17e,,,,2025-11-08T14:08:27,init-script,2025-11-08T14:08:27,init-script
16d4d386-f344-4e68-ab37-006aaa4cb000,e7a7c11c-851e-4d2e-a325-a1bdd6e73f7f,,,,2025-11-08T14:08:27,init-script,2025-11-08T14:08:27,init-script
db919746-40a8-49b0-bfc5-7906249b5e22,a4c9326d-697a-483a-b125-5d4d7c4d7220,,,,2025-11-08T14:08:27,init-script,2025-11-08T14:08:27,init-script
793a740c-2125-46c3-b93f-a95953ba15a0,ea388e1e-4372-4664-8b4a-d568f999f08e,,,,2025-11-08T14:08:27,init-script,2025-11-08T14:08:27,init-script
a05160ea-860c-448b-bb7f-0beb9f89956b,8a29cffb-550f-4f6e-8381-bbd137b03fc3,,,,2025-11-08T14:08:27,init-script,2025-11-08T14:08:27,init-script
b8b733aa-4ba7-48c8-b72d-2b7b24c20cbf,355e5d29-7b52-4a89-8591-44fc5f9999fc,,,,2025-11-08T14:08:27,init-script,2025-11-08T14:08:27,init-script
1fed781e-f66a-44e2-ab51-cd2936346ef5,b920a825-a9d0-4db1-8ce6-8e2e91ab8696,,,,2025-11-08T14:08:27,init-script,2025-11-08T14:08:27,init-script
19badef2-f95a-44b6-83a3-1d120fb586fe,78e6e0e7-8c82-496c-b0d7-113ad8c458ab,,,,2025-11-08T14:08:27,init-script,2025-11-08T14:08:27,init-script
158082f2-8922-4f43-81e6-155f8b5118ee,12069441-5d6a-40d6-9edf-aad826850b2a,,,,2025-11-08T14:08:27,init-script,2025-11-08T14:08:27,init-script
ad483a8b-2857-4a6f-a4b2-dd03f4f87f53,5464b475-6135-4dc3-9c66-be767c64f5c9,,,,2025-11-08T14:08:27,init-script,2025-11-08T14:08:27,init-script
2ab00c77-c29f-41dd-8343-b907d329cf3f,0cba10de-73c9-447c-9805-d866fb00bafb,,,,2025-11-08T14:08:27,init-script,2025-11-08T14:08:27,init-script
2f10c247-ae66-41bc-95e5-57325bd9ffca,feb06bc1-a314-420e-a1ad-9b885b52337d,,,,2025-11-08T14:08:27,init-script,2025-11-08T14:08:27,init-script
01738c4b-d68c-40c8-96fb-4eaa65b4de9b,bfe58897-ddea-4437-9a99-6a11cd15a294,,,,2025-11-08T14:08:27,init-script,2025-11-08T14:08:27,init-script
cf70dc67-0a74-4de8-bd12-2174c61ad041,dfa213da-5aa8-406e-b025-4cc20f5bff49,,,,2025-11-08T14:08:27,init-script,2025-11-08T14:08:27,init-script
533c001b-dfab-473d-8bd4-41889ba29b46,09698041-9aa3-4c8c-8589-18a9372a7b33,,,,2025-11-08T14:08:27,init-script,2025-11-08T14:08:27,init-script
0d43032d-0b92-4864-89c5-07c08390d207,416227a9-7183-4817-9e88-5ad9c8f88712,,,,2025-11-08T14:08:27,init-script,2025-11-08T14:08:27,init-script
07e70c93-de3b-483c-9d13-115cdabed3f0,af5f2ec6-127a-44eb-b086-d6491f27083e,,,,2025-11-08T14:08:27,init-script,2025-11-08T14:08:27,init-script
7243f99f-7d8e-440e-bb50-598167c364e6,fb3dbfb3-5c52-4eaf-b9c1-52f65d80bd7c,,,,2025-11-08T14:08:27,init-script,2025-11-08T14:08:27,init-script
cab827c2-fdae-4815-bf6c-57dd160b2604,55b0b2e5-05dd-4413-ac30-75900a72b273,,,,2025-11-08T14:08:27,init-script,2025-11-08T14:08:27,init-script
c6975a40-1b26-4f4b-bcc7-db098b41b60c,509af9ff-751e-4d78-836f-4e1d13ec343b,,,,2025-11-08T14:08:27,init-script,2025-11-08T14:08:27,init-script
9554d476-3ccb-4c6f-97e1-8e15b15a637e,b673ff6a-b393-4f04-8350-a33d19433a02,,,,2025-11-08T14:08:27,init-script,2025-11-08T14:08:27,init-script
735eb307-6a61-429c-98c5-f7f5805654e2,351aa93f-d536-4974-b40b-5307d9741041,,,,2025-11-08T14:08:27,init-script,2025-11-08T14:08:27,init-script
fb61cccf-f09a-4a07-8c52-2d96639cc347,8fef7dd1-e391-4855-a625-2b0bbead0df7,,,,2025-11-08T14:08:27,init-script,2025-11-08T14:08:27,init-script
35d41031-aa62-4d1c-8f4f-d7f9686b8a3e,2fc21c67-bfce-4495-8c31-7bd5189ea2be,,,,2025-11-08T14:08:27,init-script,2025-11-08T14:08:27,init-script
3828b1bc-86ea-4422-a286-506a3fbe9e84,23d62d25-346b-4e2f-8a16-dd32275cedf3,,,,2025-11-08T14:08:27,init-script,2025-11-08T14:08:27,init-script
2f08847f-2103-4f01-aa23-7b6f19306949,c88286d5-b9bb-4ff1-99c6-d961e80ebe57,,,,2025-11-08T14:08:27,init-script,2025-11-08T14:08:27,init-script
3a02b580-47a4-468d-b0a0-62b186666ca9,fcf42dad-5f5d-4a3c-a16a-b0bd8f54c095,,,,2025-11-08T14:08:27,init-script,2025-11-08T14:08:27,init-script
07d4a0a9-f773-4ddf-a2b8-8ec490b7aaa6,55d357c5-aa81-4672-8214-70ae7d5c02f5,,,,2025-11-08T14:08:27,init-script,2025-11-08T14:08:27,init-script
809d0d7e-34d9-4891-826f-e5dc0c1054a9,cb0bcb30-2312-4f61-8b8c-5abb78b3f89e,,,,2025-11-08T14:08:27,init-script,2025-11-08T14:08:27,init-script
90ecbb61-f13b-4a5f-a725-e58bb9f4b604,8dd294e6-c7f5-4c22-812c-34a88f917067,,,,2025-11-08T14:08:27,init-script,2025-11-08T14:08:27,init-script
c215637f-ef69-499a-a7eb-cafbf3c39889,47d9eb20-fb5d-4be7-b304-3038287fbf98,,,,2025-11-08T14:08:27,init-script,2025-11-08T14:08:27,init-script
7dcbf483-2dc8-445a-a0b5-ae5214c1eed8,44e6d4ab-43f2-433d-8ca9-7154559eebca,,,,2025-11-08T14:08:27,init-script,2025-11-08T14:08:27,init-script
6062bd7f-ce9c-4fad-932b-71da7b748206,2bc93129-c596-42dc-b389-199f3d4861f4,,,,2025-11-08T14:08:27,init-script,2025-11-08T14:08:27,init-script
4544002a-0ebb-46cf-8e39-c084f0f85c0d,6c2a1955-59be-4e1a-95dc-f8b86d7410c9,,,,2025-11-08T14:08:27,init-script,2025-11-08T14:08:27,init-script
3684e1b0-8092-409c-8b34-fbb9d0d271c0,a33078f7-ba55-4ed9-bd9d-e9823958818b,,,,2025-11-08T14:08:27,init-script,2025-11-08T14:08:27,init-script
93459d81-4d23-4cd7-b423-1a15675bb50d,08ba9ead-f5e7-400c-afd0-63579207b5e6,,,,2025-11-08T14:08:27,init-script,2025-11-08T14:08:27,init-script
ee87beac-9f95-4b7d-8d0f-a28532a9bf29,12b7bc31-e32f-4e57-b5af-585440db5ae1,,,,2025-11-08T14:08:27,init-script,2025-11-08T14:08:27,init-script
2c554a86-cba7-42f9-a174-e20bdbcf1cb9,01329a12-d3f9-4483-aa20-9eb227224a2a,,,,2025-11-08T14:08:27,init-script,2025-11-08T14:08:27,init-script
0eb9dabb-5e8d-44f8-aca0-517f28b710f2,6153f7be-2891-40fb-a408-62161bf5f325,,,,2025-11-08T14:08:27,init-script,2025-11-08T14:08:27,init-script
fd2d84b0-b536-4b95-a0f9-cb6f2c4eb389,7c844e46-3539-4910-b670-fff68b046348,,,,2025-11-08T14:08:27,init-script,2025-11-08T14:08:27,init-script
0cf49bfc-07de-47a1-856f-9ada911dfc48,09613035-3a36-46b2-88b6-8d15fcd16de7,,,,2025-11-08T14:08:27,init-script,2025-11-08T14:08:27,init-script
9d366390-3dfe-41cf-bf63-727f6f0a6fe6,5bedea4f-c88d-4a9a-b917-e5be1600a555,,,,2025-11-08T14:08:27,init-script,2025-11-08T14:08:27,init-script
7dc56c51-071a-42f5-8de3-16e7cbe20f1a,889372e9-005f-4b3f-a883-be7d66873450,,,,2025-11-08T14:08:27,init-script,2025-11-08T14:08:27,init-script
9cc120cb-0c80-4c03-a644-105ffc639deb,16f57fcb-50ac-4cbe-86b8-e9bae3c2454b,,,,2025-11-08T14:08:27,init-script,2025-11-08T14:08:27,init-script
7aef6f5d-9133-484b-83a2-65353be66b29,745d2a4f-23bd-4e90-9138-23adff83ad4c,,,,2025-11-08T14:08:27,init-script,2025-11-08T14:08:27,init-script
4af2afb4-4008-4c2c-ab45-130777b27729,e63bfa73-f25d-4917-b12e-8ea46149ca06,,,,2025-11-08T14:08:27,init-script,2025-11-08T14:08:27,init-script
cf763215-7607-46ec-a583-685aae48acf1,76e0b434-5002-4627-8193-3a6680b61242,,,,2025-11-08T14:08:27,init-script,2025-11-08T14:08:27,init-script
e68d3863-91fb-439f-be1b-5e5c82006944,6ee3be25-21c9-408d-85ab-b8ad50ce6556,,,,2025-11-08T14:08:27,init-script,2025-11-08T14:08:27,init-script
9aab2fce-0cae-4a0e-8165-0aa3811f267d,abcdcd55-3589-44ee-9c7a-f60ecb68554a,,,,2025-11-08T14:08:27,init-script,2025-11-08T14:08:27,init-script
e99cde0e-8bb8-4d42-9b07-086445fdd697,12d4e9ef-3793-4754-8eb9-0e374c587aed,,,,2025-11-08T14:08:27,init-script,2025-11-08T14:08:27,init-script
4f96e0e8-294c-4d37-9558-6269449130b3,204ee039-bc4b-431e-83cb-0c67366c0710,,,,2025-11-08T14:08:27,init-script,2025-11-08T14:08:27,init-script
ee854766-4977-4aec-95c4-56409016b384,77b02a9d-4493-4970-9ded-5cc21c0ede78,,,,2025-11-08T14:08:27,init-script,2025-11-08T14:08:27,init-script
74569218-e759-47a4-8a24-c883f17a9c2a,dd72f5b8-f172-4e47-8d52-5f70e8e596ed,,,,2025-11-08T14:08:27,init-script,2025-11-08T14:08:27,init-script
5ba15cad-215d-4431-a48d-71de25a289da,da47c1a3-9358-4c8f-92eb-c9f747612db9,,,,2025-11-08T14:08:27,init-script,2025-11-08T14:08:27,init-script
4df38eac-d308-4d14-875d-91d0cdcfd56d,fb54dc9d-d3ed-4309-b2e3-ae1356f50030,,,,2025-11-08T14:08:27,init-script,2025-11-08T14:08:27,init-script
46a9e284-669d-4bb3-ac94-ed430298cf91,022c29ac-dd75-4423-86b3-cc855b3045af,,,,2025-11-08T14:08:27,init-script,2025-11-08T14:08:27,init-script
06cda431-f42d-4fd0-8c12-072db793bf38,ae26f7b7-5689-4121-8377-3060a539b002,,,,2025-11-08T14:08:27,init-script,2025-11-08T14:08:27,init-script
a4eb9bc8-2f8d-4209-b033-edba8f1a3118,f909f69b-6bfd-40af-8434-a952e35660ce,,,,2025-11-08T14:08:27,init-script,2025-11-08T14:08:27,init-script
9a523c8d-7159-44a0-828c-f9708988b291,f65cd429-0f37-4bee-86e4-e7e50fec8be9,,,,2025-11-08T14:08:27,init-script,2025-11-08T14:08:27,init-script
3f4c4e32-cd6c-4187-93fa-9f4ae8463d70,94dca43f-8f0f-478b-af48-513ce206d576,,,,2025-11-08T14:08:27,init-script,2025-11-08T14:08:27,init-script
4b50d8a3-d7b2-4f74-a495-b95b27d01717,a9f32682-5c3d-4483-b462-223c76ddf90e,,,,2025-11-08T14:08:27,init-script,2025-11-08T14:08:27,init-script
47f5174a-3837-4f5c-b073-b4d9c9172399,9ed63fc8-f479-43e7-bec8-49cf10f2009f,,,,2025-11-08T14:08:27,init-script,2025-11-08T14:08:27,init-script
430f943e-b7dc-41e1-9466-58756374b51f,91fb81a3-4e8e-4269-be4d-da44a4c1fcb4,,,,2025-11-08T14:08:27,init-script,2025-11-08T14:08:27,init-script
e2ede83f-4658-4caf-82d4-0ac46f0c3bfc,da9a5a58-a833-40a6-9310-64701ced9c76,,,,2025-11-08T14:08:27,init-script,2025-11-08T14:08:27,init-script
f56ff97c-a131-412d-8ff3-9d8d35c54114,ee362e82-7ae7-4a72-91d6-13bcf8275b20,,,,2025-11-08T14:08:27,init-script,2025-11-08T14:08:27,init-script
876de688-2b2f-4a34-a50f-d0cb00e10ba0,ecece1b3-ce02-4115-a741-65fa75e06a19,,,,2025-11-08T14:08:27,init-script,2025-11-08T14:08:27,init-script
f69d9193-2c82-441c-bd1e-711349f73029,5dcb39b0-1298-42d7-a608-fee4f7044ffd,,,,2025-11-08T14:08:27,init-script,2025-11-08T14:08:27,init-script
6b623d09-fb92-4e55-868a-f2aaaf7fcc26,d2630484-33d9-4cfe-936f-e69512c3a2b0,,,,2025-11-08T14:08:27,init-script,2025-11-08T14:08:27,init-script
cfcbdd87-0f0f-4497-838a-35be2666c449,ddf6e95e-5596-4aec-bfd4-b60422ac6841,,,,2025-11-08T14:08:27,init-script,2025-11-08T14:08:27,init-script
581e9dff-4637-419b-9455-aec600a7d69b,31b8c2ac-0dc2-47d1-b1ba-a59393cb467c,,,,2025-11-08T14:08:27,init-script,2025-11-08T14:08:27,init-script
aac0b408-71b9-4dbf-afde-eba5df77f92b,6927b6da-f150-44c5-8693-94ee69c3f25c,,,,2025-11-08T14:08:27,init-script,2025-11-08T14:08:27,init-script
15eb6da1-fe4a-4725-9986-04ecd1cc6db8,031b8789-c0cf-4ca3-9afc-815fe7d1816c,,,,2025-11-08T14:08:27,init-script,2025-11-08T14:08:27,init-script
c10ebe33-aa86-4f0a-8645-573c2b827d6e,67941021-fe2d-4913-a211-d65dd53f743d,,,,2025-11-08T14:08:27,init-script,2025-11-08T14:08:27,init-script
b3b99a37-d235-43d1-8f81-eacd1f7851b4,58a8139a-142a-4a67-9a4b-f091157c76e0,,,,2025-11-08T14:08:27,init-script,2025-11-08T14:08:27,init-script
d84cffa9-7388-4a45-b1aa-b0720f277d81,7a8e6036-1d22-488f-8a2d-ecfdd8da5f93,,,,2025-11-08T14:08:27,init-script,2025-11-08T14:08:27,init-script
a7ef4b4e-40ad-4088-8802-9352cedc00d0,5422bfca-02ee-4749-a899-52412ffcea59,,,,2025-11-08T14:08:27,init-script,2025-11-08T14:08:27,init-script
cd57ef8e-841c-46ec-bfa1-fe1e9f399d12,369f71b9-f83e-4f04-9aca-2636bd4cd333,,,,2025-11-08T14:08:27,init-script,2025-11-08T14:08:27,init-script
7d2f32e7-efeb-4121-9605-c4aaa9618581,df3594ae-3782-4aff-8f3f-bc011f4296e3,,,,2025-11-08T14:08:27,init-script,2025-11-08T14:08:27,init-script
0872845f-19c8-4dd0-b3cf-6afba0990eaf,a55f8636-4c2a-4be8-ad2d-d80132424228,,,,2025-11-08T14:08:27,init-script,2025-11-08T14:08:27,init-script
45cff81b-4157-4a93-b29b-24c7ea1428ff,392ed4c8-2fdf-4820-a503-cfb9b336a4f7,,,,2025-11-08T14:08:27,init-script,2025-11-08T14:08:27,init-script
d5f7b402-3292-4073-aece-82b116aaab9c,8c478964-87e9-4cc0-b156-aea1869e28d1,,,,2025-11-08T14:08:27,init-script,2025-11-08T14:08:27,init-script
19a9e493-0916-425a-b787-274e955b1c71,8f2f4c4a-ccc6-4dd2-a127-6e787644ecfb,,,,2025-11-08T14:08:27,init-script,2025-11-08T14:08:27,init-script
b4c9e7e8-f4c3-4563-aa89-97a1f6c7993d,0822719a-189f-4dba-8fcf-c74cff62f160,,,,2025-11-08T14:08:27,init-script,2025-11-08T14:08:27,init-script
40d3d6bc-0974-493e-be5b-9b0144890369,e3f121e2-8091-45ef-8323-c07cfaaff2b8,,,,2025-11-08T14:08:27,init-script,2025-11-08T14:08:27,init-script
dfb97c53-c1d1-4f8e-9a99-a8d218151c02,bbd5b0a8-dc1b-4f0d-a385-becb2505b5f1,,,,2025-11-08T14:08:27,init-script,2025-11-08T14:08:27,init-script
abe4f77a-bbfc-45bd-8fe8-251d7f6b152a,8c15fbac-3f6a-48dc-bc58-819bbca7db49,,,,2025-11-08T14:08:27,init-script,2025-11-08T14:08:27,init-script
4e817f1f-ea72-44cb-9c6f-71ee0942b525,b956312e-e78b-4301-8f7b-bccff3313205,,,,2025-11-08T14:08:27,init-script,2025-11-08T14:08:27,init-script
ea59cbaf-7d86-4fb8-97a8-5280aedbd25e,d9b915f4-b38a-4132-b6fc-ff482cbefa52,,,,2025-11-08T14:08:27,init-script,2025-11-08T14:08:27,init-script
46f87abf-f306-4cec-9788-b6734d0e8f17,cda11905-9646-4f77-ab5f-4077ee0ece77,,,,2025-11-08T14:08:27,init-script,2025-11-08T14:08:27,init-script
dff4b6a0-7829-4e12-bb8a-41107bd7c8fe,56afc87b-4f2e-44af-9a7d-8b8d1bde857f,,,,2025-11-08T14:08:27,init-script,2025-11-08T14:08:27,init-script
28632c7e-89e9-4607-a15e-49e07bed57c6,b0c91718-ac31-4aca-9c7c-050356e86c06,,,,2025-11-08T14:08:27,init-script,2025-11-08T14:08:27,init-script
c071b373-d07c-45db-8756-deb381818672,35e0bcf5-fcdc-402a-aab4-85ef35343584,,,,2025-11-08T14:08:27,init-script,2025-11-08T14:08:27,init-script
4220b783-dd1a-4adf-8eed-ac709ca54ad4,6fbaab2b-9d8e-4f3c-a7a0-6fa902248cbc,,,,2025-11-08T14:08:27,init-script,2025-11-08T14:08:27,init-script
913112e5-552d-4665-9ee2-64faa02fa39c,454e88d6-bed7-462c-8848-da2a7a5c9a6d,,,,2025-11-08T14:08:27,init-script,2025-11-08T14:08:27,init-script
80e432fb-9b0b-4106-880d-417786650bfa,83604e71-4992-4fba-8cf3-33d6fe5ef98b,,,,2025-11-08T14:08:27,init-script,2025-11-08T14:08:27,init-script
fe0f2891-7654-4289-b9c7-703843b96f7c,5fc53b55-29df-4c12-8ef3-079c3a538c81,,,,2025-11-08T14:08:27,init-script,2025-11-08T14:08:27,init-script
bc337717-f78b-41c5-927a-abc5ca5dd064,39ed46cb-b6d1-4468-a5bf-7050afd23104,,,,2025-11-08T14:08:27,init-script,2025-11-08T14:08:27,init-script
39aad991-ad2b-48a0-bf13-d142e20862c8,506bc5e4-5562-405e-8a50-410908931c5f,,,,2025-11-08T14:08:27,init-script,2025-11-08T14:08:27,init-script
abdccbbc-9416-4b0f-9202-6b796a19cc90,7e803657-5a30-466b-96ec-b4c1d52730f5,,,,2025-11-08T14:08:27,init-script,2025-11-08T14:08:27,init-script
4f8eb686-ac4c-425e-aaff-8a98dab27314,93279ffe-f589-4825-afcd-a0406c61f31f,,,,2025-11-08T14:08:27,init-script,2025-11-08T14:08:27,init-script
b76ac9a6-a9da-4fff-acd7-b46f57dabf09,ef9d3a31-dc68-4a88-8f57-f73da86ba8f1,,,,2025-11-08T14:08:27,init-script,2025-11-08T14:08:27,init-script
cc5f94e5-ff17-4eb2-82e5-9ddaa7de9074,7757e5fa-042d-429e-b6d5-636c7d3c262b,,,,2025-11-08T14:08:27,init-script,2025-11-08T14:08:27,init-script
7ac49cea-07dc-49b4-9ea2-3b8489526dcd,41618a88-f9c2-4ef2-87c0-3108d5b91b46,,,,2025-11-08T14:08:27,init-script,2025-11-08T14:08:27,init-script
b1403a4c-4e1b-47ef-b483-f6dcfe9bd6be,7e1024ed-0bca-464d-8774-51db00c6aac6,,,,2025-11-08T14:08:27,init-script,2025-11-08T14:08:27,init-script
958cefb7-e899-4c92-b2f4-d4e34ebb1893,485ce109-ef0d-4203-ac0d-28214601a927,,,,2025-11-08T14:08:27,init-script,2025-11-08T14:08:27,init-script
fd36dfdf-3cc6-463f-a67d-35f295153e92,65b44814-334b-44a5-b395-0a5a30d10d3f,,,,2025-11-08T14:08:27,init-script,2025-11-08T14:08:27,init-script
6e2d597d-222f-4f55-9e5b-a980b1d1fbc4,2f5aa5aa-03ec-437a-b61b-733ececa950d,,,,2025-11-08T14:08:27,init-script,2025-11-08T14:08:27,init-script
6e5357e2-ce63-47cd-95dc-7741ab5d0d2c,7fc2a68d-9394-4dd9-afae-3ad4a8eca7b1,,,,2025-11-08T14:08:27,init-script,2025-11-08T14:08:27,init-script
b1850992-5ee0-4e67-96f9-0ce0c521d9d3,5c81ec68-c3b2-4a8d-83db-0337fb065fb3,,,,2025-11-08T14:08:27,init-script,2025-11-08T14:08:27,init-script
483df17d-710d-4a52-9107-f4241abe549e,9c47f084-8260-4e07-9944-4bc2a25fd193,,,,2025-11-08T14:08:27,init-script,2025-11-08T14:08:27,init-script
40979e6f-61a5-4987-800c-63aca74347d8,294442dd-036b-43e9-a5d0-81b5f0e98ed2,,,,2025-11-08T14:08:27,init-script,2025-11-08T14:08:27,init-script
bfc7632c-ac68-4236-ba86-47aa915dc596,bc00af50-1eb9-484f-aabe-2282d62c5fde,,,,2025-11-08T14:08:27,init-script,2025-11-08T14:08:27,init-script
c3833090-9080-4583-be6d-4f60d1c01950,1d6114e2-1b27-4203-807e-08ded4731196,,,,2025-11-08T14:08:27,init-script,2025-11-08T14:08:27,init-script
7d9da511-e455-48a2-9c7e-d40447e4307c,a1dae0cf-6dbd-4b5a-b53d-f1657323bb43,,,,2025-11-08T14:08:27,init-script,2025-11-08T14:08:27,init-script
9e34dbbe-df81-43c1-8cae-0f09502a7398,9fd085d3-0e9a-461a-96ec-819603ccfb3a,,,,2025-11-08T14:08:27,init-script,2025-11-08T14:08:27,init-script
20f6b6b9-f98d-4775-9551-b4e95262c011,03f6e96e-bea1-4738-bb90-57b263196f0b,,,,2025-11-08T14:08:27,init-script,2025-11-08T14:08:27,init-script
243a9e9f-0fef-4184-aa42-71e5f0bd1eb1,a7552bfd-8d42-4a2d-b664-1402cdb64d10,,,,2025-11-08T14:08:27,init-script,2025-11-08T14:08:27,init-script
574f17c6-8a16-4efd-b6a5-143b55679bf6,b7c51b0c-9182-4b6a-b0d5-6ab9e9ab473b,,,,2025-11-08T14:08:27,init-script,2025-11-08T14:08:27,init-script
a61f7b08-1761-4e19-beba-37117319c401,58612d2b-15d6-47f2-ae50-ef9940ce0514,,,,2025-11-08T14:08:27,init-script,2025-11-08T14:08:27,init-script
2d8a5df5-f797-4d4d-a4de-52868f06c32c,e33551ef-f6e4-4a31-b1cc-7c9c7e3cfcc0,,,,2025-11-08T14:08:27,init-script,2025-11-08T14:08:27,init-script
bc1aad38-9c7d-4f76-b9c6-465a8d2c4f9f,c17d0977-4456-446a-add3-a8975d73ec46,,,,2025-11-08T14:08:27,init-script,2025-11-08T14:08:27,init-script
a9e25554-d791-430f-b316-2dd0f3e3fcad,65d6534c-d038-44e4-b36c-bc4ae5dbd4c1,,,,2025-11-08T14:08:27,init-script,2025-11-08T14:08:27,init-script
e52cefa4-fa1d-44dc-9d99-3310a16e6d66,4b5ec2e7-da38-4f4d-b646-afeebb48f12e,,,,2025-11-08T14:08:27,init-script,2025-11-08T14:08:27,init-script
41065a30-3d66-412f-a789-97888b6dfa89,ce95b566-01a6-4533-ae4e-3daf19d01066,,,,2025-11-08T14:08:27,init-script,2025-11-08T14:08:27,init-script
63d7ac5c-8619-4b89-966d-8bb60ae7ed9c,4a3753b1-a846-4333-9302-af4fbacc8597,,,,2025-11-08T14:08:27,init-script,2025-11-08T14:08:27,init-script
a315658c-feed-46e9-b904-cce1b3788206,69b32687-0a2d-4632-a549-0a19474617c5,,,,2025-11-08T14:08:27,init-script,2025-11-08T14:08:27,init-script
2caeeea4-ae59-40e4-86aa-52997b464405,5a45d8ab-8ce7-4d44-92fc-1bfef71fd328,,,,2025-11-08T14:08:27,init-script,2025-11-08T14:08:27,init-script
8158a5a6-a926-40d0-858b-67191902568a,890a0af5-530e-4512-a8a0-7c0f9a0a39b3,,,,2025-11-08T14:08:27,init-script,2025-11-08T14:08:27,init-script
4fb50e93-f7c4-4a19-a069-0bac8a8343de,8c14bf7a-e463-4a13-b09e-c7b3a9a6dafe,,,,2025-11-08T14:08:27,init-script,2025-11-08T14:08:27,init-script
21cf55d6-8183-47a0-8f1f-c3a570ac9434,9f35fb72-bb5e-41be-b4b7-a09e0198d4d6,,,,2025-11-08T14:08:27,init-script,2025-11-08T14:08:27,init-script
2a0cdf56-7843-466d-b7c3-1c89acc595fe,06c6664d-d714-45c6-976b-be26516fc097,,,,2025-11-08T14:08:27,init-script,2025-11-08T14:08:27,init-script
80527931-ace3-4e28-901a-befd4c207a61,caea8473-2230-4ac3-b58a-318e967bebff,,,,2025-11-08T14:08:27,init-script,2025-11-08T14:08:27,init-script
65e3492f-daa8-4f62-b45d-97370026b778,721c5ce3-06ba-4677-a847-94904f5a4d58,,,,2025-11-08T14:08:27,init-script,2025-11-08T14:08:27,init-script
62a77756-901e-47a1-8576-e0cbceb0ced0,b6d46496-6644-4065-ae7a-04541d7c5a00,,,,2025-11-08T14:08:27,init-script,2025-11-08T14:08:27,init-script
5e1e469e-09fe-4628-8125-e02e29af2c9b,4101bc0e-c8fb-405c-9fe7-8aa16a833328,,,,2025-11-08T14:08:27,init-script,2025-11-08T14:08:27,init-script
742b5c21-c6b5-4560-8609-9d75348076fc,1a8afd48-2d9f-44f7-980e-2f6d1dfe947a,,,,2025-11-08T14:08:27,init-script,2025-11-08T14:08:27,init-script
7ae8fb27-6e95-4baf-82b1-fe1df8f5e287,ac4c8ce9-a372-4d90-976f-46a2ff2e39e2,,,,2025-11-08T14:08:27,init-script,2025-11-08T14:08:27,init-script
6b47614e-b8bc-4250-b433-7a18df5c2953,18e7cd9b-2768-41eb-a8e6-928b1231a93b,,,,2025-11-08T14:08:27,init-script,2025-11-08T14:08:27,init-script
a4cebd70-9743-4666-967c-0abb6e72b611,2f456be2-1b1f-41d3-91cd-5665d8e0cbea,,,,2025-11-08T14:08:27,init-script,2025-11-08T14:08:27,init-script
2b728fce-4960-4aaf-9c0c-4faca109f076,c86c9078-536b-41c5-ad94-d3fc8d50526a,,,,2025-11-08T14:08:27,init-script,2025-11-08T14:08:27,init-script
1dff4b9a-0782-41d3-ab83-6df6abb9075f,fb26cb06-667a-4120-be77-62f66048d27d,,,,2025-11-08T14:08:27,init-script,2025-11-08T14:08:27,init-script
bb9cb62f-c03e-4aba-83ab-69f64430fedf,b5850e6f-d34c-4fbb-90c2-4887ac17f963,,,,2025-11-08T14:08:27,init-script,2025-11-08T14:08:27,init-script
7c520278-c131-476c-b5b1-2e2fae5b712d,bd7d27c1-ded1-4d75-b32a-078fc31e3768,,,,2025-11-08T14:08:27,init-script,2025-11-08T14:08:27,init-script
f7c95b7e-a95a-4c47-940e-c7cce2fd601a,0555d0f3-fc2c-45ba-8e9c-8dce872e572a,,,,2025-11-08T14:08:27,init-script,2025-11-08T14:08:27,init-script
7476ba7e-d4b9-4127-ac5f-7f328b13e610,28c1a488-4d30-48c7-81db-cedda399d56f,,,,2025-11-08T14:08:27,init-script,2025-11-08T14:08:27,init-script
e9649e21-a586-4ef4-b77c-258ad1630a2d,1fa56c22-c4fc-4c85-b4ea-8f5acc3ca71f,,,,2025-11-08T14:08:27,init-script,2025-11-08T14:08:27,init-script
99779e48-4aae-4d2e-a64f-48f6c6b38992,5065fa22-0c59-4589-a5c5-7dfbbbd30c51,,,,2025-11-08T14:08:27,init-script,2025-11-08T14:08:27,init-script
56dede6b-7c94-43cb-ac1b-dcae4c1762a5,631e6b71-e606-4940-8877-f384e35ac160,,,,2025-11-08T14:08:27,init-script,2025-11-08T14:08:27,init-script
3961d7c2-54d9-4cea-a34a-feb08c10c579,624b746d-6cdc-4861-a831-e437fdcb0768,,,,2025-11-08T14:08:27,init-script,2025-11-08T14:08:27,init-script
0efa6f9b-6068-4f41-9740-6e27b094cc33,c25da22f-e415-4f90-b57c-b447fcd71c43,,,,2025-11-08T14:08:27,init-script,2025-11-08T14:08:27,init-script
a4deda3b-52c1-428f-88f3-f19f2a0643c6,1c1856e5-d24d-4a44-9f9e-b075ffffe801,,,,2025-11-08T14:08:27,init-script,2025-11-08T14:08:27,init-script
5256158e-e951-4ab2-a92d-d24a9553fbba,2ab90eb0-5232-4589-8f2b-cf3564a0576e,,,,2025-11-08T14:08:27,init-script,2025-11-08T14:08:27,init-script
1b74a6c9-b69e-41df-9514-300c6dc854db,ad2e45f4-b44a-4ae3-a552-40410921b3fb,,,,2025-11-08T14:08:27,init-script,2025-11-08T14:08:27,init-script
262ab78f-4a77-4ea2-878d-99d2816b835d,fe76542d-6612-4726-9207-d6102486f51d,,,,2025-11-08T14:08:27,init-script,2025-11-08T14:08:27,init-script
2bdc7f0e-eea4-458b-887f-451f7842397a,3e7ee961-0a60-46b7-a9e4-b45d5d223a40,,,,2025-11-08T14:08:27,init-script,2025-11-08T14:08:27,init-script
6fe05adb-40c5-4d40-b186-faa732b7427d,ff0408f7-6e63-4248-b019-69750c0846ba,,,,2025-11-08T14:08:27,init-script,2025-11-08T14:08:27,init-script
8ea31d38-297f-4ba1-aa22-20b484004e48,77c485b4-9ebf-48cc-8f2b-69be86179469,,,,2025-11-08T14:08:27,init-script,2025-11-08T14:08:27,init-script
f5902efd-d3b3-44a1-96c5-0d6746ebe027,9b38d963-a36f-491d-add8-f8b0cdf72905,,,,2025-11-08T14:08:27,init-script,2025-11-08T14:08:27,init-script
54611427-9530-4eff-81e9-6b5fe213727d,69060548-9d4b-4ba3-85d2-e3ba1e2393ff,,,,2025-11-08T14:08:27,init-script,2025-11-08T14:08:27,init-script
a3c250e4-4886-42ad-bd90-cccf5a8f6dea,3819b86c-c7b9-4374-8f46-0d79a9ae501f,,,,2025-11-08T14:08:27,init-script,2025-11-08T14:08:27,init-script
21bab06c-33b2-4668-811e-9ebbf4527005,175fd892-fa2b-4f5c-bc8e-4d7fbe1cbfd2,,,,2025-11-08T14:08:27,init-script,2025-11-08T14:08:27,init-script
2e8a6d91-0b24-4c10-b1f2-51cf337af066,9b8c5ad3-1c99-4453-af36-c6196af5b5e3,,,,2025-11-08T14:08:27,init-script,2025-11-08T14:08:27,init-script
d8d29f6c-b6a3-4586-8d53-e0044058c9f7,eb5208cc-6c4d-4176-a483-593665a06c3c,,,,2025-11-08T14:08:27,init-script,2025-11-08T14:08:27,init-script
d0878db2-fb79-4207-b566-929f365d9229,c2b50850-5c07-470e-bed9-02c9b3097dbb,,,,2025-11-08T14:08:27,init-script,2025-11-08T14:08:27,init-script
bb5f2b41-e673-4697-bdf1-9123bfab6b6f,2d3af016-bb32-4cb4-8b84-f8eedb662bdf,,,,2025-11-08T14:08:27,init-script,2025-11-08T14:08:27,init-script
4176af54-65a5-41b2-9c70-04719e3604d2,3fe75b9b-605d-40b6-9046-f718e1b27732,,,,2025-11-08T14:08:27,init-script,2025-11-08T14:08:27,init-script
fb2e8ec3-2dba-4955-b54e-22643e7da2c3,f82b79b1-2b95-4f85-a86a-91193f921a49,,,,2025-11-08T14:08:27,init-script,2025-11-08T14:08:27,init-script
afcfbcb7-614d-4d00-9ba0-88fd05564357,2a75b232-1c01-429e-b772-8da1786a5111,,,,2025-11-08T14:08:27,init-script,2025-11-08T14:08:27,init-script
2d1490d7-b1dd-4716-9a3b-e9029cb4ee76,c6f5c3b7-1612-40df-be7b-cc309a6a3560,,,,2025-11-08T14:08:27,init-script,2025-11-08T14:08:27,init-script
731229ed-cf1f-472d-a67b-085d67d567de,57f34ebc-4872-451b-bd9b-fb1489181f8a,,,,2025-11-08T14:08:27,init-script,2025-11-08T14:08:27,init-script
b485e677-3f75-4590-a1c1-5af4bc95da7d,c105adcb-a59e-4f77-a015-0190bda28f4a,,,,2025-11-08T14:08:27,init-script,2025-11-08T14:08:27,init-script
d6c8fb7e-0a28-4eed-a8e1-9cfe8c4ca364,f4852b61-df91-4200-bca0-3309dbf5c9f3,,,,2025-11-08T14:08:27,init-script,2025-11-08T14:08:27,init-script
6fc2571d-4e83-4241-81b6-ae8e5fee4d71,035c9250-9d07-4220-a254-3bbbdfce4164,,,,2025-11-08T14:08:27,init-script,2025-11-08T14:08:27,init-script
ce3b709a-188d-449f-bea5-37123c9ed916,628d982e-9cfd-43a2-ab7e-edba0ee678dd,,,,2025-11-08T14:08:27,init-script,2025-11-08T14:08:27,init-script
cc215f9f-f3fe-4c65-a29b-9d561dfab577,157eba5a-ee7d-4ec1-a31e-6c972942263a,,,,2025-11-08T14:08:27,init-script,2025-11-08T14:08:27,init-script
513452d9-95a0-4b24-9af6-719bcac9670b,5a2c9337-82d2-4471-96f2-9af779daf434,,,,2025-11-08T14:08:27,init-script,2025-11-08T14:08:27,init-script
70ff0bb8-7c45-47cd-ba88-5ef21c337062,2a00e8c6-d52a-41ba-8729-828e4cb303a8,,,,2025-11-08T14:08:27,init-script,2025-11-08T14:08:27,init-script
f764ba9e-c88a-40ac-a7e1-0fe33fe6435a,2eba6e67-848f-4242-a8cc-b756ddcc9385,,,,2025-11-08T14:08:27,init-script,2025-11-08T14:08:27,init-script
595b7ce3-42f9-4d31-a36e-b6650519f4d5,d82739a7-a381-4d96-867c-06c76adf9a13,,,,2025-11-08T14:08:27,init-script,2025-11-08T14:08:27,init-script
55329978-e409-4d2f-958f-3db93db489d2,f56185a8-3f6b-4d95-a625-2cbc46d60214,,,,2025-11-08T14:08:27,init-script,2025-11-08T14:08:27,init-script
7b66e05a-11ee-40e1-aee3-8d18ed86db95,ab1acbbf-48fb-4a1b-abb0-8a173f8f78e4,,,,2025-11-08T14:08:27,init-script,2025-11-08T14:08:27,init-script
92dce39f-2ea3-4d4f-926b-b7a957dc9124,cec75320-f821-421b-bd71-1316a2981a97,,,,2025-11-08T14:08:27,init-script,2025-11-08T14:08:27,init-script
efdad3d8-fdfa-41cf-976b-1188bb68d618,a56be054-d47d-4ddd-a640-855a79740ba8,,,,2025-11-08T14:08:27,init-script,2025-11-08T14:08:27,init-script
2d1a389e-1889-4414-a313-1b9b56d69dcb,70babd7a-2383-4db7-8dc0-6eb853d9dca9,,,,2025-11-08T14:08:27,init-script,2025-11-08T14:08:27,init-script
6efbad1e-39b0-42a9-9541-e025ee85d1d1,00accc9b-c9bb-4b65-893e-f4121bf1272d,,,,2025-11-08T14:08:27,init-script,2025-11-08T14:08:27,init-script
ad8017da-df24-495a-9ecb-c0f6c4a30010,c5133b84-bd5a-40fe-9af7-fc242dd0f971,,,,2025-11-08T14:08:27,init-script,2025-11-08T14:08:27,init-script
b9577cca-4d20-45dc-98ed-88c8bda062a1,c7ec66e6-211b-4c80-a5bd-fce2c0a66088,,,,2025-11-08T14:08:27,init-script,2025-11-08T14:08:27,init-script
cd6396a6-948f-4951-a89a-2038f398f5c8,a679b537-52b4-45cb-ac78-210d71bf106e,,,,2025-11-08T14:08:27,init-script,2025-11-08T14:08:27,init-script
d0dfb59e-973e-4ac3-b557-56166c4747ce,2fc53af8-97b5-46e2-a6ce-38579963a355,,,,2025-11-08T14:08:27,init-script,2025-11-08T14:08:27,init-script
5ab47316-be7b-49f6-b1a5-502fe45182f4,f553f3a6-717f-4364-9ea8-611d8cc5cf81,,,,2025-11-08T14:08:27,init-script,2025-11-08T14:08:27,init-script
58607e35-d408-4175-b609-60450c342ae1,d32ac19f-9e80-40df-b4d5-edfe7e3e5bb4,,,,2025-11-08T14:08:27,init-script,2025-11-08T14:08:27,init-script
d078642a-fdd7-4a48-810d-c8b93e42f489,89b8a6de-8b96-43df-8e02-1c0cd74a34fe,,,,2025-11-08T14:08:27,init-script,2025-11-08T14:08:27,init-script
e4ebbd97-c7de-4a3a-afa8-ca8ce6348413,9ee9126a-4d44-401f-adeb-86ce3c332bc2,,,,2025-11-08T14:08:27,init-script,2025-11-08T14:08:27,init-script
08162d3a-7506-4fcf-be4b-6604d437d76a,b3360324-c631-41e0-ad91-d630bb972544,,,,2025-11-08T14:08:27,init-script,2025-11-08T14:08:27,init-script
718214ca-a528-4c3b-b16f-afffa018fa77,4ec4ed6b-88c8-4cad-bfff-399a70c47ec6,,,,2025-11-08T14:08:27,init-script,2025-11-08T14:08:27,init-script
43f3a6b2-be6d-428c-887c-dc46574dff7a,3926cad6-407f-41f5-b158-1943b4f04615,,,,2025-11-08T14:08:27,init-script,2025-11-08T14:08:27,init-script
f02e6164-8292-4c94-b61c-90c48c1b3326,2e27f6d2-efde-48a7-b88d-64d29aefa9ae,,,,2025-11-08T14:08:27,init-script,2025-11-08T14:08:27,init-script
d1774900-a5e5-422e-9fca-8ce33c8a71f2,bd3009c5-42d9-4168-83e5-42ab2471fa53,,,,2025-11-08T14:08:27,init-script,2025-11-08T14:08:27,init-script
c2bc4082-3908-4284-a3f6-370ca9ceefd5,22358743-f527-49cb-99b6-7e1b842fb77c,,,,2025-11-08T14:08:27,init-script,2025-11-08T14:08:27,init-script
db3fc8da-2b33-472f-a10b-258945bb5652,09f35fa9-314f-4ad0-8dd4-2343676cebe7,,,,2025-11-08T14:08:27,init-script,2025-11-08T14:08:27,init-script
fc0b1a52-77fc-462e-9501-e4368ed3cd51,c1e8038f-0f9e-40f3-85e1-80cd176c228c,,,,2025-11-08T14:08:27,init-script,2025-11-08T14:08:27,init-script
3a35695c-0e4f-43eb-bd5a-9394f1402a4a,a1f085fe-2c3c-491a-bb6c-93d2fb9215ec,,,,2025-11-08T14:08:27,init-script,2025-11-08T14:08:27,init-script
842805cb-cab3-4d6a-8618-7fc1e8afd0bf,7cd24a27-21c8-41f8-84c1-4a05579bc519,,,,2025-11-08T14:08:27,init-script,2025-11-08T14:08:27,init-script
02971de3-43d1-405f-a809-f838cd342f05,473cd713-127b-4995-898d-6aefdba150f5,,,,2025-11-08T14:08:27,init-script,2025-11-08T14:08:27,init-script
9a8ba26e-f843-4718-89b9-042512902822,59766b7e-9a32-48b5-862b-9d2965dfb2e6,,,,2025-11-08T14:08:27,init-script,2025-11-08T14:08:27,init-script
c060c55f-a9f0-40ba-a25e-9085fe715ff2,fdd3dedc-0e69-4ba0-8311-2b63b1a93379,,,,2025-11-08T14:08:27,init-script,2025-11-08T14:08:27,init-script
a97dea89-5b92-4570-b5db-bd19d78ec375,09827505-e204-4f18-99cb-613a3f3a0bc5,,,,2025-11-08T14:08:27,init-script,2025-11-08T14:08:27,init-script
1ca30ebc-1e2d-4db3-a99c-68e15ef9ae0a,9badd879-377c-467c-bcfd-a87a4126e4af,,,,2025-11-08T14:08:27,init-script,2025-11-08T14:08:27,init-script
17f6cbb1-7475-4759-b7f1-d7990fea70ce,d84a2fd6-45ed-4ab3-b1ff-2e72a702cc97,,,,2025-11-08T14:08:27,init-script,2025-11-08T14:08:27,init-script
fa2ad29c-845a-43fa-aec7-fd9ecb61913d,29d49ba9-3146-4aa1-9a05-bb951c252e38,,,,2025-11-08T14:08:27,init-script,2025-11-08T14:08:27,init-script
b4b737df-30c9-4dbf-8418-8dd91b3aa3dd,6b2fddca-ea4e-4123-a787-28b51fa3feab,,,,2025-11-08T14:08:27,init-script,2025-11-08T14:08:27,init-script
26145037-b8b0-4a4f-9895-9baf1b86464b,0cb7304a-496c-46cb-8ac2-4c42136284f2,,,,2025-11-08T14:08:27,init-script,2025-11-08T14:08:27,init-script
b4039f02-167d-4002-a7ef-01ac77057925,0a513f4e-4fbd-4a8c-80cb-74461e6ed74b,,,,2025-11-08T14:08:27,init-script,2025-11-08T14:08:27,init-script
cc93cc0e-8ba2-4d16-a35a-0c4197ced9ec,ccdc2518-b9b8-4fbf-b815-59b58b169a42,,,,2025-11-08T14:08:27,init-script,2025-11-08T14:08:27,init-script
bf377e07-fc27-4d23-a3d3-d9c2d26373b0,9eed2a69-ca5e-49d5-a96e-a53c8ba30875,,,,2025-11-08T14:08:27,init-script,2025-11-08T14:08:27,init-script
dc22e188-156a-4a7a-97b4-0cdfeb7bdad2,8840721b-6e65-47a8-be9c-e8f31b8a4235,,,,2025-11-08T14:08:27,init-script,2025-11-08T14:08:27,init-script
4d9b515f-79af-4ef3-acb1-f63890e17f58,03c3dbdc-d662-4e88-b0b2-3967db640662,,,,2025-11-08T14:08:27,init-script,2025-11-08T14:08:27,init-script
2c7baba0-ee8a-451d-9bc1-49da3c1ad1b8,cfacf4d7-7fdb-4a69-ae22-f05d1b915b26,,,,2025-11-08T14:08:27,init-script,2025-11-08T14:08:27,init-script
4e24824c-2671-41df-92af-f4bbb3d323c1,db4109b6-db9d-4be0-83b3-af37a66077ef,,,,2025-11-08T14:08:27,init-script,2025-11-08T14:08:27,init-script
36eb35a9-e1df-4377-8364-8e8ab1496b17,68878473-94b6-4e9d-8c89-ad0854c5e52e,,,,2025-11-08T14:08:27,init-script,2025-11-08T14:08:27,init-script
e140d989-837c-4251-9b6e-3acabeac4b5d,031e3d12-66cf-46ec-afa4-01050acfaf54,,,,2025-11-08T14:08:27,init-script,2025-11-08T14:08:27,init-script
14b81145-587b-4ccc-910e-d347a0c001a8,79e2ad32-d36c-481c-967d-f69effb1a581,,,,2025-11-08T14:08:27,init-script,2025-11-08T14:08:27,init-script
4727f4d3-2ecb-4024-8140-defa094f8857,213ba918-7ec0-4e9a-97c4-f8da6420e178,,,,2025-11-08T14:08:27,init-script,2025-11-08T14:08:27,init-script
41594d4d-d841-4368-ae98-527690246439,ac06538a-845b-4b02-aaf1-628b5119dd86,,,,2025-11-08T14:08:27,init-script,2025-11-08T14:08:27,init-script
87481717-d06a-437a-912d-3693c4841adb,896004fc-7c9d-4794-b86b-25db8f22de7c,,,,2025-11-08T14:08:27,init-script,2025-11-08T14:08:27,init-script
75e3dd03-bf0c-4a5f-a851-9494df1e56a2,37f00147-be0b-466f-84a3-fdd45eb9587e,,,,2025-11-08T14:08:27,init-script,2025-11-08T14:08:27,init-script
0d89d4f8-0452-4ad0-8bae-70b306868870,7767d7bb-c10e-4dff-840a-4fcc5a785f86,,,,2025-11-08T14:08:27,init-script,2025-11-08T14:08:27,init-script
378a0799-29cc-456e-a746-6b52b402d4b4,7c5b1727-57c0-4d3d-bd6f-622e26475fc0,,,,2025-11-08T14:08:27,init-script,2025-11-08T14:08:27,init-script
916e644c-5fb5-48bb-9bba-2d944b881b62,a50ae522-104f-4e81-8d08-674c10643fcb,,,,2025-11-08T14:08:27,init-script,2025-11-08T14:08:27,init-script
fa2feb40-9d64-4a3b-b98a-637d1429ad55,a26b7277-be59-4988-a9ce-745dccc3f6b9,,,,2025-11-08T14:08:27,init-script,2025-11-08T14:08:27,init-script
90a75fc6-58f8-41ca-8dc8-7b758df798d2,427353ca-2f90-4c8f-9e38-d28708bc354e,,,,2025-11-08T14:08:27,init-script,2025-11-08T14:08:27,init-script
2bb1ce6b-6a27-4f3e-9a13-02dc10438cca,1302cb25-f33d-449a-a751-a33770cf9973,,,,2025-11-08T14:08:27,init-script,2025-11-08T14:08:27,init-script
f419023a-9d12-47c3-b6a0-507ad8cb8662,01464234-73a0-4a85-99db-2da5212d828a,,,,2025-11-08T14:08:27,init-script,2025-11-08T14:08:27,init-script
975a0d77-cd63-4fe4-b0cd-2f2807914e3a,9641da45-2676-4908-9cab-fc81d7ac7d86,,,,2025-11-08T14:08:27,init-script,2025-11-08T14:08:27,init-script
88d8bc50-9be2-45ce-a963-2e9d79b64fbb,4768e3d6-571c-4268-899a-26f1b336bb3d,,,,2025-11-08T14:08:27,init-script,2025-11-08T14:08:27,init-script
7ad4a9dc-2991-4573-8393-0445dc19ff0b,b666205f-ae32-4dbe-999f-3559186d118c,,,,2025-11-08T14:08:27,init-script,2025-11-08T14:08:27,init-script
0211b4d4-83e7-4048-b6e0-b5c425e1d199,5ab4bbc1-5798-450c-84ab-5522f3a8fe24,,,,2025-11-08T14:08:27,init-script,2025-11-08T14:08:27,init-script
c74a953b-2af7-4914-84c1-1924e56cbcfa,a3f8bef0-bd50-4fac-b166-56c3e68eb09d,,,,2025-11-08T14:08:27,init-script,2025-11-08T14:08:27,init-script
a1dfab5d-ddce-47a0-87d7-eabaa41f64be,1f6cef69-8bda-4258-8322-ce979d246988,,,,2025-11-08T14:08:27,init-script,2025-11-08T14:08:27,init-script
66d49b1f-261e-427c-87a0-24c3bbb0f996,659db84b-9d4e-4d57-b82a-22284cdf468a,,,,2025-11-08T14:08:27,init-script,2025-11-08T14:08:27,init-script
cfaf5cf5-221a-443c-8ffa-0fdf18795c7d,3100e519-2c9f-4dd4-8740-2c21136ca957,,,,2025-11-08T14:08:27,init-script,2025-11-08T14:08:27,init-script
446c06e1-41ff-4364-8723-0ffc22604fe6,7543ce30-56b2-4bc0-bdf4-96e82d2dae49,,,,2025-11-08T14:08:27,init-script,2025-11-08T14:08:27,init-script
096cb77c-a628-4347-9539-cb65a88f8ed8,c7bbbfc5-4195-4745-935b-38b60be2dfa3,,,,2025-11-08T14:08:27,init-script,2025-11-08T14:08:27,init-script
efbe960a-7722-4d16-9e55-c5c09e02136b,a34033c7-3e69-4d2a-95f4-3636cc808aa6,,,,2025-11-08T14:08:27,init-script,2025-11-08T14:08:27,init-script
3573da76-d15a-4d47-acb1-39d65a58d656,fa59e2a0-1ec0-44ef-b454-afd789bdaa29,,,,2025-11-08T14:08:27,init-script,2025-11-08T14:08:27,init-script
fed5a368-a358-492b-99ff-9133c55ecbd9,dc80cec3-56ab-4abf-94b6-81c0df03079a,,,,2025-11-08T14:08:27,init-script,2025-11-08T14:08:27,init-script
626100d5-2a0d-4ad6-ac67-7503b45cc720,0cedfaf0-2b0a-4553-a666-b61b227f6243,,,,2025-11-08T14:08:27,init-script,2025-11-08T14:08:27,init-script
26ccccdb-b727-482a-af54-e05dc42c9119,159b11e1-e6b2-4650-b240-32f2d56c6647,,,,2025-11-08T14:08:27,init-script,2025-11-08T14:08:27,init-script
9e8b04f6-4831-4aa2-8bb9-0547906b5773,25fc3de7-86c5-40a8-9bba-c8eedcb99141,,,,2025-11-08T14:08:27,init-script,2025-11-08T14:08:27,init-script
0299b18d-66bb-4079-8752-a66407d66358,6ccb6884-6758-4bb4-9f97-4ccdcffa0cea,,,,2025-11-08T14:08:27,init-script,2025-11-08T14:08:27,init-script
0827440b-27dd-4c0a-866b-dc575fc8221c,d57cf2fc-de63-4911-b871-63d26eb5644d,,,,2025-11-08T14:08:27,init-script,2025-11-08T14:08:27,init-script
7223d944-0245-4b09-abad-7437565a799a,31df983a-e740-4219-b296-5fa2185d26f3,,,,2025-11-08T14:08:27,init-script,2025-11-08T14:08:27,init-script
c36d49e3-b1cc-4483-a623-51e6e0199598,4fcc2be6-17a5-4a1b-9539-0e57266df360,,,,2025-11-08T14:08:27,init-script,2025-11-08T14:08:27,init-script
0fcfe761-7aef-4ce5-9aa0-67e07f9d1784,51d68dd5-3424-4cf0-9486-b362300dc447,,,,2025-11-08T14:08:27,init-script,2025-11-08T14:08:27,init-script
982dfb2a-27ab-450b-b49d-c5a54db29ee1,1611076e-4571-40ad-b27c-ed06549108cc,,,,2025-11-08T14:08:27,init-script,2025-11-08T14:08:27,init-script
f7b40e66-2a5e-47ac-b5be-7ae5b7c804be,e25a716e-202c-4267-b206-e2f2ef054ae0,,,,2025-11-08T14:08:27,init-script,2025-11-08T14:08:27,init-script
a26e50e0-5520-46f3-9ba0-32fbbc360e4b,7772fcdd-4e2d-42c0-b836-c9583bb9dbbc,,,,2025-11-08T14:08:27,init-script,2025-11-08T14:08:27,init-script
39ffd912-6f1e-4c3e-a868-c59b51c76f58,9b9dbee4-75b4-4474-812a-1da0acddaa99,,,,2025-11-08T14:08:27,init-script,2025-11-08T14:08:27,init-script
6d1d193d-42c6-460f-9d0b-af1c0d3e7b2e,a779178b-d6a8-4686-b5f2-9627dcfcfdea,,,,2025-11-08T14:08:27,init-script,2025-11-08T14:08:27,init-script
fde86807-5962-442b-8cc8-56ef5abd73de,13513e86-e3db-4045-bbc2-0d899f7fc354,,,,2025-11-08T14:08:27,init-script,2025-11-08T14:08:27,init-script
0f35ee0d-4d8f-4079-96bd-9820ce51f222,6c5176f0-a9f7-4331-a6f1-3a2fec2245de,,,,2025-11-08T14:08:27,init-script,2025-11-08T14:08:27,init-script
7a37329d-67e5-4745-a4d5-a89a55d75f97,74855996-890d-4ce2-aff1-712c2209f917,,,,2025-11-08T14:08:27,init-script,2025-11-08T14:08:27,init-script
384366e0-46a4-4548-bf6d-80a52297c049,f29d503e-8627-4e6b-a4e9-564ebbef448c,,,,2025-11-08T14:08:27,init-script,2025-11-08T14:08:27,init-script
9aaea5d4-e23a-4592-9b98-e081d3b2cefb,2acc6dcf-f7dd-4d54-b858-ce32837f9aa9,,,,2025-11-08T14:08:27,init-script,2025-11-08T14:08:27,init-script
54c7faa8-c0f2-44c2-9b8d-ed4b2f459729,27248fc4-bb33-4660-b5bb-f74ce59df8a3,,,,2025-11-08T14:08:27,init-script,2025-11-08T14:08:27,init-script
db9f7e6e-085e-435b-b251-17304f05af60,88f62356-dbff-4926-a658-55ccca21ecb4,,,,2025-11-08T14:08:27,init-script,2025-11-08T14:08:27,init-script
5e3f77af-d4f9-4b8b-ae05-f47b082b6368,5439eef5-c27e-4e70-aac6-531deeb41239,,,,2025-11-08T14:08:27,init-script,2025-11-08T14:08:27,init-script
0f545cd3-9a09-466a-95f6-d2fdc4028c19,e551013e-ea93-4d7a-8881-08a840a49eff,,,,2025-11-08T14:08:27,init-script,2025-11-08T14:08:27,init-script
4e8f6a03-b149-4450-b891-1df35e27d1a1,5774e13d-1b19-4e80-b50c-c2302ec27d50,,,,2025-11-08T14:08:27,init-script,2025-11-08T14:08:27,init-script
c733475e-7d0d-4d72-8b4d-40b84ebb3b2f,ddf94138-b350-418d-a889-c1daa426751f,,,,2025-11-08T14:08:27,init-script,2025-11-08T14:08:27,init-script
1f29a24c-2196-42bf-9019-d4a83ed1aafb,29298638-d6c5-4bc3-bf3e-ed49532c471b,,,,2025-11-08T14:08:27,init-script,2025-11-08T14:08:27,init-script
c07e7b32-e773-48af-ad0f-ab2ad4c2744b,d2ef04a4-6ab4-40bd-9849-d82a3932def9,,,,2025-11-08T14:08:27,init-script,2025-11-08T14:08:27,init-script
4232bbfd-8cac-415f-937b-4933c1ccaa68,a5f76ba6-2a54-42f6-ba48-ca2c25b8004b,,,,2025-11-08T14:08:27,init-script,2025-11-08T14:08:27,init-script
1332a5e9-9894-4eb9-a961-375092f92296,9f569265-6b99-4b42-bf9b-28b90712852e,,,,2025-11-08T14:08:27,init-script,2025-11-08T14:08:27,init-script
7a1fdc81-1ede-46c7-a9c8-984c9d8c7eba,572a3182-fd77-4a1d-b520-69ce83e61a30,,,,2025-11-08T14:08:27,init-script,2025-11-08T14:08:27,init-script
0a2b937e-3871-4f62-946b-4f1ba67bcaec,0fca5661-79c4-4d8a-ab2d-4ef6c51c3af2,,,,2025-11-08T14:08:27,init-script,2025-11-08T14:08:27,init-script
9bcc9db1-498d-435c-a3ef-02c3f1020ba2,d8b70e8b-8353-4f79-8330-e340ebf2cae3,,,,2025-11-08T14:08:27,init-script,2025-11-08T14:08:27,init-script
be1fc20b-d7fe-4bc8-bd6e-7d09fcd27132,e578ac3c-ee8e-48b2-9661-269cc392c339,,,,2025-11-08T14:08:27,init-script,2025-11-08T14:08:27,init-script
0ae94100-6069-4fb5-add7-d9a36cc43b30,6fe42b96-808e-4790-b72e-e21daf0ca45f,,,,2025-11-08T14:08:27,init-script,2025-11-08T14:08:27,init-script
5a010987-9221-464b-b65a-ce26079b7567,8f852bc4-b4b6-463d-86e1-28f27fd74afc,,,,2025-11-08T14:08:27,init-script,2025-11-08T14:08:27,init-script
5f86baca-a26d-4cfb-96b0-37f1b32c8bf6,07eda655-9817-45fe-851d-758adf86c1f1,,,,2025-11-08T14:08:27,init-script,2025-11-08T14:08:27,init-script
ac2f9c80-aa12-4236-a27b-02dcead138e3,764eb884-b45e-4f6f-96ec-8bcafaaf7ca8,,,,2025-11-08T14:08:27,init-script,2025-11-08T14:08:27,init-script
36e4be7a-ecfd-4a68-99c5-5d9bb6b58108,9f5ecf1a-64c5-4b90-87f9-43289092f7be,,,,2025-11-08T14:08:27,init-script,2025-11-08T14:08:27,init-script
319d50ef-9cc3-40cd-a5ff-7467c72c92d0,f53ff97e-14e9-4f9e-a660-b7f8dab57d7c,,,,2025-11-08T14:08:27,init-script,2025-11-08T14:08:27,init-script
8f77d74a-4761-4f8d-8e8e-e3ed5cea0e70,f37ce1a5-b676-4696-a2ec-b775da6d4d46,,,,2025-11-08T14:08:27,init-script,2025-11-08T14:08:27,init-script
1d251bb0-1df3-4e38-b13f-0d035045fafc,7900d04a-994b-442b-b22b-020d3bb98b0d,,,,2025-11-08T14:08:27,init-script,2025-11-08T14:08:27,init-script
a24289db-ff5e-4b6e-8c9a-0c71c5bec4c6,b22229a4-9443-47bf-8e4a-2ec403528c3c,,,,2025-11-08T14:08:27,init-script,2025-11-08T14:08:27,init-script
f58d0506-3efb-46bd-ae5c-8fbfefb411c8,c84e2310-8abb-4bce-b18f-caadea234512,,,,2025-11-08T14:08:27,init-script,2025-11-08T14:08:27,init-script
2d51ac18-4d53-4ac0-9131-1fc92794f5ae,5a027524-bb94-4b95-9f46-9b3ae55e81da,,,,2025-11-08T14:08:27,init-script,2025-11-08T14:08:27,init-script
711d2fb1-ae8f-4481-b3c5-52ecdeb1667a,2a9b7c05-04ff-4c65-be9c-e980087c290a,,,,2025-11-08T14:08:27,init-script,2025-11-08T14:08:27,init-script
62f88b2d-6fce-4c2f-82ef-e48956c02839,9a6b3c1a-69cb-4edd-9bfb-3f7ad18d97db,,,,2025-11-08T14:08:27,init-script,2025-11-08T14:08:27,init-script
87e61957-5cac-4750-84b1-58a0827ed5c5,044330ec-f0c9-403e-b3bd-181ba6c2e348,,,,2025-11-08T14:08:27,init-script,2025-11-08T14:08:27,init-script
f4b8e652-15e1-43cc-b94f-25debcdc3e9f,b0611630-bb76-4c2b-900e-0014222e65e2,,,,2025-11-08T14:08:27,init-script,2025-11-08T14:08:27,init-script
15c78a54-2240-43e3-81e1-c3909ea7ebaf,147c01ce-4fa7-419f-8222-d6c72b5f379a,,,,2025-11-08T14:08:27,init-script,2025-11-08T14:08:27,init-script
0d32a88a-c78c-4d93-93b4-976a58935808,68b5fe07-5b1e-4c07-9ab7-25f0af8018df,,,,2025-11-08T14:08:27,init-script,2025-11-08T14:08:27,init-script
1d0db1ba-ef9f-40b3-bdcb-06cfb778e00d,f544dc4d-fb24-4921-96e2-5e744c7a3d13,,,,2025-11-08T14:08:27,init-script,2025-11-08T14:08:27,init-script
ce6aea84-0e2d-4797-8b87-cdcb4fa332b4,0a487f28-4f5a-46db-a642-aa2c8eae52f4,,,,2025-11-08T14:08:27,init-script,2025-11-08T14:08:27,init-script
8f15ba7b-2d59-4963-9e98-0a06c43ab6a4,c8517dce-f36a-41a0-b3fd-8c64b8adeafa,,,,2025-11-08T14:08:27,init-script,2025-11-08T14:08:27,init-script
92359ef7-0d7c-49d7-926a-78c1b6c22213,02d854f9-c42a-48e9-bbd7-ff83de2de375,,,,2025-11-08T14:08:27,init-script,2025-11-08T14:08:27,init-script
7628b75e-0a48-4196-a70d-a855c944dd15,29fee74d-b92a-40c9-a379-06074e7e317d,,,,2025-11-08T14:08:27,init-script,2025-11-08T14:08:27,init-script
b0ae1720-d431-4125-a0c1-b1f64183b74b,2a0d915d-9b4e-4a16-9589-e01d9af6d34c,,,,2025-11-08T14:08:27,init-script,2025-11-08T14:08:27,init-script
6b0fee34-0ca2-4b48-87f7-85c30c8c4581,caffa3a5-3549-4da0-8f43-9688af327aeb,,,,2025-11-08T14:08:27,init-script,2025-11-08T14:08:27,init-script
90387319-54d1-4012-8c4e-6c7bf3487b41,e99798bb-696e-49e8-969b-8ff49a1af0ec,,,,2025-11-08T14:08:27,init-script,2025-11-08T14:08:27,init-script
61b666c3-7970-40dd-83af-a2b84ad578c9,f5156bf5-6dff-4084-8ded-fff67ee1bc18,,,,2025-11-08T14:08:27,init-script,2025-11-08T14:08:27,init-script
2eb7d768-4f1e-4ba2-ab2f-8f67e9cf8973,ab259439-f0bb-42ab-a3d3-ff981bda3292,,,,2025-11-08T14:08:27,init-script,2025-11-08T14:08:27,init-script
33732288-9b88-47f6-9816-fa0379e8f5c5,c4ac589f-96c1-45d6-b3a0-89ec3eb50d97,,,,2025-11-08T14:08:27,init-script,2025-11-08T14:08:27,init-script
ca402baa-0bac-4c89-9a6e-0d711feab911,b6fc6bad-f6b5-4ca5-bb1b-c4ea02f43389,,,,2025-11-08T14:08:27,init-script,2025-11-08T14:08:27,init-script
01da9869-5002-4614-80e8-5f81d485eb15,2085c9a5-9865-4989-b2c4-c5100a600cb2,,,,2025-11-08T14:08:27,init-script,2025-11-08T14:08:27,init-script
fe22a7b7-ce4f-4181-a8a1-0d759393c463,ac13d74a-92bb-4cb1-933e-e54e10e32c37,,,,2025-11-08T14:08:27,init-script,2025-11-08T14:08:27,init-script
20f2169a-5ceb-4233-bed6-3a911881b055,d57d2288-3464-47fc-96ff-042625dd399d,,,,2025-11-08T14:08:27,init-script,2025-11-08T14:08:27,init-script
eedf1871-089b-424e-aa2b-a708b52df413,28fcffd6-8bc7-4162-9da6-28a82d2f9b0b,,,,2025-11-08T14:08:27,init-script,2025-11-08T14:08:27,init-script
9a656186-f8a4-474b-8c5e-28f63dc9e806,71cf655d-e0b4-4c0c-b9df-b0b88d5d77ba,,,,2025-11-08T14:08:27,init-script,2025-11-08T14:08:27,init-script
4da3915e-d2de-4d71-9866-12e93cdf0a34,a1c69cce-8f33-4742-8f0c-2605cd56eb25,,,,2025-11-08T14:08:27,init-script,2025-11-08T14:08:27,init-script
510ac3b4-3762-4f4a-b2fa-a4d665b61cfb,59f8231c-5e77-4ee4-bb64-dd63c43d0410,,,,2025-11-08T14:08:27,init-script,2025-11-08T14:08:27,init-script
1f1ee16d-0b20-4fb3-ad34-625707919bdb,39b43fc2-0e6c-41ff-aa22-d49c33cb7ffa,,,,2025-11-08T14:08:27,init-script,2025-11-08T14:08:27,init-script
d65701fd-c4f6-4462-a15c-7c5e03d0db39,89086a7f-734e-42ff-8d98-b6c6d38caa22,,,,2025-11-08T14:08:27,init-script,2025-11-08T14:08:27,init-script
c5008e9e-d2be-4944-903b-ec78cb38f1ed,a94e1c6c-053c-44ad-a8d1-daaefe102dd0,,,,2025-11-08T14:08:27,init-script,2025-11-08T14:08:27,init-script
803811d0-4f12-4993-8684-d7170dfff31e,e5a5e2f9-6c8b-411a-a10d-4794ceb1c06d,,,,2025-11-08T14:08:27,init-script,2025-11-08T14:08:27,init-script
2979ce5d-f136-4be1-9d7d-700ff2254705,750fb80f-332b-4274-9354-c0b90b47b5d3,,,,2025-11-08T14:08:27,init-script,2025-11-08T14:08:27,init-script
2b6381ba-56d3-4991-a22c-9c296d549e7a,f4439070-0037-40d5-9378-7a056cef14aa,,,,2025-11-08T14:08:27,init-script,2025-11-08T14:08:27,init-script
cf5ab722-e85e-4dda-a69d-8dd3c93dd14c,d77618a9-4876-414d-84c0-1a4484a70044,,,,2025-11-08T14:08:27,init-script,2025-11-08T14:08:27,init-script
700d5ac7-5a8c-44bd-9d81-c86c43466bd9,11fef446-53e5-4107-8105-090ee043e762,,,,2025-11-08T14:08:27,init-script,2025-11-08T14:08:27,init-script
c3352dc2-d300-43b9-bef8-46f5e68eb0ac,05407811-0c77-46ec-b52b-f06097727756,,,,2025-11-08T14:08:27,init-script,2025-11-08T14:08:27,init-script
027aaf61-fabe-4e55-804a-87a357b2ccb1,35febe39-ec0f-44a5-bc92-7c10d462aed2,,,,2025-11-08T14:08:27,init-script,2025-11-08T14:08:27,init-script
0b0f6706-0f13-4014-9189-c0f1ed442255,eeff9a55-8349-4c79-a1b1-e5102e755f8e,,,,2025-11-08T14:08:27,init-script,2025-11-08T14:08:27,init-script
3acc7cc0-05b9-48bd-b4d9-2b8408a09ab7,3235e920-e3fd-4fe8-93a2-26f2d586c1e6,,,,2025-11-08T14:08:27,init-script,2025-11-08T14:08:27,init-script
33e8cf50-ee63-4cf8-af45-e911af66ef65,eb1082cf-ef64-42d3-baa8-78bfa809b266,,,,2025-11-08T14:08:27,init-script,2025-11-08T14:08:27,init-script
d280e162-35a5-4e81-8de8-50a04eeadc2c,304d51fa-82c3-4dc6-bd88-e05296bce2d7,,,,2025-11-08T14:08:27,init-script,2025-11-08T14:08:27,init-script
08380fbd-c43d-418b-bcc1-e1bf3fb0b19a,3a317c8c-de06-467a-8eb9-ff47e63ffcf5,,,,2025-11-08T14:08:27,init-script,2025-11-08T14:08:27,init-script
9903dd71-de1d-4f9e-91e7-9237aadf4519,c5e6dc46-349c-435e-bb91-a09c4c095ad6,,,,2025-11-08T14:08:27,init-script,2025-11-08T14:08:27,init-script
f4584b4e-f610-49cb-addc-1c6abf86c193,db1faef7-a1ab-4ad9-942c-23e9a6aeca0d,,,,2025-11-08T14:08:27,init-script,2025-11-08T14:08:27,init-script
2e838d1c-cb16-4531-b410-01caa2f52dfa,e07f7c8e-4d3e-4152-865e-7b4851a02310,,,,2025-11-08T14:08:27,init-script,2025-11-08T14:08:27,init-script
a9b1b29c-86d6-438b-9358-0d7e0e76d12e,4897e2d2-a20c-41c1-bfb2-44cf518b3431,,,,2025-11-08T14:08:27,init-script,2025-11-08T14:08:27,init-script
91ab9ff1-50c9-4a3f-a28a-b631e611a242,25eb792e-f9d9-493c-bf02-7640690b7ccc,,,,2025-11-08T14:08:27,init-script,2025-11-08T14:08:27,init-script
608f1921-7e22-4a30-8eba-720913bc67c1,39c3e493-e199-4cd6-98df-24d7bc1a8919,,,,2025-11-08T14:08:27,init-script,2025-11-08T14:08:27,init-script
3959c3ce-5ada-43d8-94e5-ef1a4f217b88,fa6910a6-f9f7-4ba1-9461-e279a5b0b718,,,,2025-11-08T14:08:27,init-script,2025-11-08T14:08:27,init-script
46ef212e-29ac-4bf3-89e9-701989cb45cd,0a342c32-5b58-4642-ba50-6199d49a6daa,,,,2025-11-08T14:08:27,init-script,2025-11-08T14:08:27,init-script
195f77c7-5631-4b34-b8a1-bab6b3a9cf6a,d0357446-3568-47cf-b02f-085ece44b859,,,,2025-11-08T14:08:27,init-script,2025-11-08T14:08:27,init-script
57a33d80-d7d9-4b4c-aeed-e2a1658c6c17,268410fa-7804-4217-b9e0-37e4d4244a6d,,,,2025-11-08T14:08:27,init-script,2025-11-08T14:08:27,init-script
ef65e02d-84de-4c38-997a-694e45bd9d46,07a58408-868b-47b1-b219-0116d16bc0ad,,,,2025-11-08T14:08:27,init-script,2025-11-08T14:08:27,init-script
c3507308-87f2-4c4a-970b-a94eb0ae9040,bb3ac322-e75c-47de-89b0-4875f7272039,,,,2025-11-08T14:08:27,init-script,2025-11-08T14:08:27,init-script
8be65e19-d8b3-4afd-85b7-e0393e6269f8,9384c4ef-337c-4ee6-99de-a142fa3a4276,,,,2025-11-08T14:08:27,init-script,2025-11-08T14:08:27,init-script
676cd63c-09c4-432f-978c-a5889640eb0a,9097c95e-73d9-4c82-8a1d-fbbb448446ac,,,,2025-11-08T14:08:27,init-script,2025-11-08T14:08:27,init-script
4b207fa1-9632-4539-8e54-fd5a03b324bf,62cf4fd1-0e9e-4af4-a4bf-2c54913690f7,,,,2025-11-08T14:08:27,init-script,2025-11-08T14:08:27,init-script
ad3195c2-6f1d-4f01-a7b7-3283f13ca509,78babda0-fb8c-4fff-8cca-b3a5640c0c3c,,,,2025-11-08T14:08:27,init-script,2025-11-08T14:08:27,init-script
4681bee8-6ef3-4071-bedd-96c174898d01,9eb59a48-edd8-4cac-969f-c20090f9aae8,,,,2025-11-08T14:08:27,init-script,2025-11-08T14:08:27,init-script
8e9f78ef-e96a-43da-95f5-6dc0cde300a2,718dab24-aca3-40cd-9484-6b30e725d234,,,,2025-11-08T14:08:27,init-script,2025-11-08T14:08:27,init-script
142731ff-02ca-46ab-b46a-f3ad70d2f855,5878746d-dc7c-4071-b6b3-b17a1f871873,,,,2025-11-08T14:08:27,init-script,2025-11-08T14:08:27,init-script
7c36ba93-a07e-4f97-ab14-b581e9217bf5,8f9d5265-26e1-4ff6-ba9f-0af20168c057,,,,2025-11-08T14:08:27,init-script,2025-11-08T14:08:27,init-script
09c6c3be-9f67-410f-8e18-4f4cf87f4f8d,6b9d5f87-d33d-465e-b5af-39e513ebc078,,,,2025-11-08T14:08:27,init-script,2025-11-08T14:08:27,init-script
3a6be573-a518-4539-808b-b52b2a552dab,8e82f16a-a6e5-4d98-a940-f0eedfc7eadf,,,,2025-11-08T14:08:27,init-script,2025-11-08T14:08:27,init-script
8371cb75-fa01-49bb-bedf-1f34813e6ed0,2e04dd99-4ee9-4e55-ac85-91862aa43aaf,,,,2025-11-08T14:08:27,init-script,2025-11-08T14:08:27,init-script
76188ed4-5fa3-4592-9a01-06cf45890464,567ab4b6-0bac-4949-a8e2-503395f6c0ce,,,,2025-11-08T14:08:27,init-script,2025-11-08T14:08:27,init-script
9dcfcebf-0c47-4185-89b3-dd271101aafb,757c201f-5ba1-4458-92d4-654f77db0d4c,,,,2025-11-08T14:08:27,init-script,2025-11-08T14:08:27,init-script
95cdaf7b-e29a-47e1-96a7-bfab52fd3c9d,e0d809ca-3efc-44bc-9a80-0b2f131cdc87,,,,2025-11-08T14:08:27,init-script,2025-11-08T14:08:27,init-script
093168dc-5b86-401f-9b2f-61f5b19bd9b4,11c6ff5b-171c-4c4a-9a55-8f9d073b5ac4,,,,2025-11-08T14:08:27,init-script,2025-11-08T14:08:27,init-script
a1e75bfc-f6cc-4b57-bb37-ea8ebc0e3080,9b741ee2-5fc5-4542-87e5-4552bd6cd239,,,,2025-11-08T14:08:27,init-script,2025-11-08T14:08:27,init-script
c546fb28-ed72-41e6-a4fc-61bf4a127fee,68f52bd4-a750-4ee1-86aa-9a28d1a917d5,,,,2025-11-08T14:08:27,init-script,2025-11-08T14:08:27,init-script
f6d42780-bffc-4cbd-bf99-55eb1b99ac06,e6b61f57-5d5e-47ef-a057-20eeda13be71,,,,2025-11-08T14:08:27,init-script,2025-11-08T14:08:27,init-script
83ddff1b-1ce8-4412-a7ef-af2782f58c09,4213022e-858c-4be6-a6b8-373c9d6c8ff5,,,,2025-11-08T14:08:27,init-script,2025-11-08T14:08:27,init-script
abeaa0d6-7abc-4ff1-9203-b4a659034ccd,52097296-128c-444e-be73-17f96368f564,,,,2025-11-08T14:08:27,init-script,2025-11-08T14:08:27,init-script